,Src,Dst,Weight,edge_type
0,1,1037,1,0
1,1,1038,1,0
2,1,1039,1,0
3,1,1040,1,0
4,1,1041,1,0
5,1,1042,1,0
6,1,1043,1,0
7,1,1044,1,0
8,1,1045,1,0
9,2,1046,1,0
10,2,1047,1,0
11,2,1048,1,0
12,2,1049,1,0
13,3,1050,1,0
14,4,1051,1,0
15,4,1052,1,0
16,5,1053,1,0
17,6,1054,1,0
18,6,1055,1,0
19,6,1038,1,0
20,6,1056,1,0
21,6,1039,1,0
22,6,1057,1,0
23,6,1058,1,0
24,6,1046,1,0
25,6,1047,1,0
26,6,1059,1,0
27,6,1060,1,0
28,6,1061,1,0
29,6,1062,1,0
30,7,1063,1,0
31,7,1064,1,0
32,7,1065,1,0
33,8,1066,1,0
34,8,1052,1,0
35,8,1067,1,0
36,9,1068,1,0
37,9,1069,1,0
38,10,1070,1,0
39,10,1071,1,0
40,10,1072,1,0
41,10,1073,1,0
42,11,1074,1,0
43,11,1075,1,0
44,11,1076,1,0
45,12,1077,1,0
46,12,1078,1,0
47,12,1079,1,0
48,13,1079,1,0
49,14,1080,1,0
50,14,1081,1,0
51,14,1082,1,0
52,15,1083,1,0
53,15,1084,1,0
54,16,1063,1,0
55,16,1085,1,0
56,16,1086,1,0
57,16,1087,1,0
58,16,1088,1,0
59,16,1089,1,0
60,16,1076,1,0
61,17,1090,1,0
62,18,1091,1,0
63,18,1092,1,0
64,19,1091,1,0
65,20,1074,1,0
66,20,1072,1,0
67,21,1066,1,0
68,21,1067,1,0
69,21,1093,1,0
70,22,1094,1,0
71,22,1095,1,0
72,22,1086,1,0
73,22,1096,1,0
74,22,1087,1,0
75,22,1097,1,0
76,22,1046,1,0
77,22,1092,1,0
78,22,1098,1,0
79,22,1099,1,0
80,22,1100,1,0
81,22,1082,1,0
82,23,1101,1,0
83,23,1102,1,0
84,23,1103,1,0
85,23,1104,1,0
86,23,1105,1,0
87,23,1106,1,0
88,23,1107,1,0
89,23,1108,1,0
90,23,1109,1,0
91,23,1110,1,0
92,23,1111,1,0
93,23,1112,1,0
94,24,1113,1,0
95,24,1114,1,0
96,25,1113,1,0
97,25,1114,1,0
98,26,1113,1,0
99,26,1114,1,0
100,27,1113,1,0
101,27,1114,1,0
102,28,1113,1,0
103,28,1114,1,0
104,29,1115,1,0
105,29,1116,1,0
106,29,1117,1,0
107,29,1118,1,0
108,29,1119,1,0
109,29,1120,1,0
110,30,1121,1,0
111,30,1122,1,0
112,30,1123,1,0
113,31,1101,1,0
114,31,1102,1,0
115,31,1103,1,0
116,31,1104,1,0
117,31,1124,1,0
118,31,1105,1,0
119,31,1106,1,0
120,31,1125,1,0
121,31,1107,1,0
122,31,1108,1,0
123,31,1109,1,0
124,31,1126,1,0
125,31,1111,1,0
126,31,1112,1,0
127,32,1113,1,0
128,32,1114,1,0
129,33,1095,1,0
130,33,1127,1,0
131,33,1054,1,0
132,33,1055,1,0
133,33,1128,1,0
134,33,1129,1,0
135,33,1130,1,0
136,33,1117,1,0
137,33,1131,1,0
138,33,1132,1,0
139,33,1133,1,0
140,33,1134,1,0
141,33,1119,1,0
142,33,1135,1,0
143,33,1136,1,0
144,33,1047,1,0
145,33,1126,1,0
146,33,1040,1,0
147,33,1120,1,0
148,33,1137,1,0
149,33,1138,1,0
150,33,1139,1,0
151,34,1140,1,0
152,34,1141,1,0
153,35,1122,1,0
154,35,1142,1,0
155,35,1123,1,0
156,35,1116,1,0
157,35,1143,1,0
158,35,1144,1,0
159,35,1145,1,0
160,35,1146,1,0
161,36,1147,1,0
162,37,1121,1,0
163,37,1122,1,0
164,37,1123,1,0
165,37,1148,1,0
166,38,1140,1,0
167,39,1149,1,0
168,39,1150,1,0
169,40,1122,1,0
170,41,1121,1,0
171,41,1151,1,0
172,41,1152,1,0
173,41,1063,1,0
174,41,1153,1,0
175,41,1079,1,0
176,41,1154,1,0
177,41,1155,1,0
178,41,1156,1,0
179,41,1040,1,0
180,41,1041,1,0
181,41,1157,1,0
182,41,1158,1,0
183,42,1159,1,0
184,42,1160,1,0
185,42,1161,1,0
186,43,1162,1,0
187,43,1163,1,0
188,43,1068,1,0
189,43,1079,1,0
190,43,1164,1,0
191,43,1165,1,0
192,43,1166,1,0
193,44,1167,1,0
194,45,1168,1,0
195,45,1169,1,0
196,46,1170,1,0
197,46,1171,1,0
198,47,1101,1,0
199,47,1102,1,0
200,47,1103,1,0
201,47,1104,1,0
202,47,1105,1,0
203,47,1106,1,0
204,47,1125,1,0
205,47,1172,1,0
206,47,1107,1,0
207,47,1108,1,0
208,47,1173,1,0
209,47,1174,1,0
210,47,1111,1,0
211,47,1175,1,0
212,47,1176,1,0
213,47,1112,1,0
214,47,1048,1,0
215,48,1177,1,0
216,48,1178,1,0
217,48,1179,1,0
218,48,1180,1,0
219,48,1181,1,0
220,48,1077,1,0
221,48,1068,1,0
222,48,1182,1,0
223,48,1183,1,0
224,48,1184,1,0
225,48,1185,1,0
226,49,1186,1,0
227,49,1187,1,0
228,50,1188,1,0
229,50,1189,1,0
230,51,1190,1,0
231,51,1191,1,0
232,51,1153,1,0
233,51,1116,1,0
234,51,1192,1,0
235,51,1193,1,0
236,51,1194,1,0
237,51,1067,1,0
238,51,1195,1,0
239,51,1196,1,0
240,52,1197,1,0
241,52,1132,1,0
242,52,1198,1,0
243,52,1199,1,0
244,52,1200,1,0
245,53,1201,1,0
246,53,1202,1,0
247,53,1203,1,0
248,53,1204,1,0
249,53,1205,1,0
250,53,1206,1,0
251,53,1207,1,0
252,54,1122,1,0
253,54,1142,1,0
254,55,1116,1,0
255,55,1044,1,0
256,56,1101,1,0
257,56,1208,1,0
258,56,1209,1,0
259,56,1210,1,0
260,56,1103,1,0
261,56,1106,1,0
262,56,1211,1,0
263,56,1108,1,0
264,57,1113,1,0
265,57,1114,1,0
266,58,1113,1,0
267,59,1212,1,0
268,59,1213,1,0
269,60,1214,1,0
270,60,1215,1,0
271,60,1216,1,0
272,60,1217,1,0
273,61,1077,1,0
274,61,1068,1,0
275,61,1218,1,0
276,61,1078,1,0
277,61,1079,1,0
278,62,1111,1,0
279,63,1116,1,0
280,63,1219,1,0
281,64,1220,1,0
282,65,1221,1,0
283,65,1039,1,0
284,65,1222,1,0
285,66,1101,1,0
286,66,1113,1,0
287,66,1103,1,0
288,66,1106,1,0
289,66,1223,1,0
290,66,1108,1,0
291,66,1110,1,0
292,66,1111,1,0
293,66,1112,1,0
294,66,1224,1,0
295,67,1168,1,0
296,68,1225,1,0
297,68,1226,1,0
298,68,1227,1,0
299,68,1228,1,0
300,69,1113,1,0
301,69,1114,1,0
302,70,1037,1,0
303,71,1229,1,0
304,71,1230,1,0
305,71,1231,1,0
306,71,1057,1,0
307,71,1232,1,0
308,71,1233,1,0
309,71,1234,1,0
310,71,1235,1,0
311,71,1236,1,0
312,71,1237,1,0
313,71,1238,1,0
314,72,1239,1,0
315,72,1240,1,0
316,73,1037,1,0
317,74,1241,1,0
318,75,1113,1,0
319,76,1113,1,0
320,77,1050,1,0
321,77,1242,1,0
322,78,1151,1,0
323,78,1122,1,0
324,78,1243,1,0
325,78,1244,1,0
326,79,1101,1,0
327,79,1103,1,0
328,79,1106,1,0
329,79,1108,1,0
330,79,1109,1,0
331,79,1245,1,0
332,79,1111,1,0
333,79,1112,1,0
334,80,1221,1,0
335,81,1121,1,0
336,81,1243,1,0
337,81,1228,1,0
338,81,1116,1,0
339,81,1124,1,0
340,81,1203,1,0
341,81,1067,1,0
342,81,1204,1,0
343,81,1246,1,0
344,81,1247,1,0
345,82,1225,1,0
346,82,1248,1,0
347,82,1249,1,0
348,83,1080,1,0
349,83,1081,1,0
350,84,1157,1,0
351,85,1066,1,0
352,85,1052,1,0
353,85,1067,1,0
354,86,1116,1,0
355,86,1221,1,0
356,87,1250,1,0
357,87,1251,1,0
358,88,1252,1,0
359,88,1253,1,0
360,89,1250,1,0
361,89,1254,1,0
362,89,1255,1,0
363,89,1256,1,0
364,89,1257,1,0
365,90,1080,1,0
366,90,1081,1,0
367,91,1258,1,0
368,91,1259,1,0
369,91,1260,1,0
370,91,1261,1,0
371,91,1262,1,0
372,91,1263,1,0
373,91,1264,1,0
374,91,1265,1,0
375,92,1266,1,0
376,93,1267,1,0
377,93,1074,1,0
378,93,1086,1,0
379,93,1087,1,0
380,94,1268,1,0
381,95,1269,1,0
382,95,1063,1,0
383,95,1267,1,0
384,95,1270,1,0
385,96,1230,1,0
386,96,1231,1,0
387,96,1057,1,0
388,96,1232,1,0
389,96,1233,1,0
390,96,1235,1,0
391,96,1236,1,0
392,96,1237,1,0
393,96,1238,1,0
394,97,1229,1,0
395,97,1271,1,0
396,97,1057,1,0
397,97,1246,1,0
398,97,1272,1,0
399,97,1273,1,0
400,97,1274,1,0
401,97,1234,1,0
402,97,1235,1,0
403,97,1275,1,0
404,97,1238,1,0
405,98,1229,1,0
406,98,1230,1,0
407,98,1231,1,0
408,98,1057,1,0
409,98,1232,1,0
410,98,1246,1,0
411,98,1233,1,0
412,98,1234,1,0
413,98,1235,1,0
414,98,1236,1,0
415,98,1237,1,0
416,98,1238,1,0
417,99,1052,1,0
418,99,1067,1,0
419,100,1276,1,0
420,100,1226,1,0
421,100,1152,1,0
422,101,1277,1,0
423,101,1278,1,0
424,101,1279,1,0
425,102,1277,1,0
426,102,1278,1,0
427,102,1279,1,0
428,103,1167,1,0
429,103,1104,1,0
430,103,1280,1,0
431,103,1105,1,0
432,103,1281,1,0
433,103,1223,1,0
434,103,1282,1,0
435,103,1125,1,0
436,103,1107,1,0
437,103,1108,1,0
438,103,1110,1,0
439,103,1111,1,0
440,103,1112,1,0
441,104,1283,1,0
442,105,1041,1,0
443,106,1284,1,0
444,106,1046,1,0
445,106,1047,1,0
446,106,1048,1,0
447,106,1049,1,0
448,107,1068,1,0
449,107,1038,1,0
450,107,1078,1,0
451,107,1056,1,0
452,107,1144,1,0
453,107,1046,1,0
454,107,1093,1,0
455,107,1285,1,0
456,108,1113,1,0
457,108,1114,1,0
458,109,1046,1,0
459,109,1047,1,0
460,109,1048,1,0
461,109,1049,1,0
462,110,1229,1,0
463,110,1124,1,0
464,110,1246,1,0
465,110,1273,1,0
466,110,1274,1,0
467,110,1234,1,0
468,110,1235,1,0
469,110,1238,1,0
470,111,1286,1,0
471,111,1247,1,0
472,111,1059,1,0
473,112,1051,1,0
474,112,1052,1,0
475,112,1121,1,0
476,112,1287,1,0
477,112,1116,1,0
478,112,1288,1,0
479,112,1132,1,0
480,112,1289,1,0
481,112,1290,1,0
482,112,1064,1,0
483,113,1291,1,0
484,114,1292,1,0
485,114,1293,1,0
486,115,1292,1,0
487,115,1293,1,0
488,116,1170,1,0
489,116,1294,1,0
490,117,1295,1,0
491,118,1204,1,0
492,118,1046,1,0
493,118,1047,1,0
494,118,1059,1,0
495,119,1068,1,0
496,119,1218,1,0
497,119,1182,1,0
498,119,1156,1,0
499,119,1296,1,0
500,120,1077,1,0
501,120,1068,1,0
502,120,1218,1,0
503,120,1078,1,0
504,120,1069,1,0
505,121,1228,1,0
506,121,1039,1,0
507,122,1038,1,0
508,122,1297,1,0
509,122,1298,1,0
510,122,1299,1,0
511,123,1300,1,0
512,123,1286,1,0
513,123,1301,1,0
514,124,1302,1,0
515,124,1291,1,0
516,125,1303,1,0
517,125,1163,1,0
518,125,1304,1,0
519,125,1050,1,0
520,125,1242,1,0
521,126,1292,1,0
522,126,1293,1,0
523,127,1077,1,0
524,127,1163,1,0
525,127,1068,1,0
526,127,1218,1,0
527,127,1305,1,0
528,127,1304,1,0
529,127,1079,1,0
530,127,1248,1,0
531,128,1306,1,0
532,128,1307,1,0
533,129,1229,1,0
534,129,1246,1,0
535,129,1273,1,0
536,129,1274,1,0
537,129,1234,1,0
538,129,1235,1,0
539,130,1193,1,0
540,130,1091,1,0
541,130,1092,1,0
542,131,1308,1,0
543,132,1308,1,0
544,133,1113,1,0
545,133,1114,1,0
546,134,1250,1,0
547,134,1309,1,0
548,135,1099,1,0
549,136,1310,1,0
550,136,1190,1,0
551,136,1083,1,0
552,136,1311,1,0
553,137,1308,1,0
554,138,1266,1,0
555,139,1308,1,0
556,140,1152,1,0
557,141,1116,1,0
558,142,1046,1,0
559,143,1312,1,0
560,143,1281,1,0
561,143,1076,1,0
562,144,1313,1,0
563,145,1314,1,0
564,146,1315,1,0
565,147,1316,1,0
566,148,1251,1,0
567,149,1316,1,0
568,149,1317,1,0
569,149,1318,1,0
570,150,1271,1,0
571,151,1319,1,0
572,151,1320,1,0
573,152,1316,1,0
574,152,1317,1,0
575,152,1318,1,0
576,153,1321,1,0
577,154,1308,1,0
578,155,1322,1,0
579,156,1323,1,0
580,157,1052,1,0
581,157,1116,1,0
582,158,1306,1,0
583,158,1141,1,0
584,158,1324,1,0
585,159,1325,1,0
586,159,1326,1,0
587,160,1327,1,0
588,160,1328,1,0
589,160,1124,1,0
590,160,1038,1,0
591,160,1299,1,0
592,161,1329,1,0
593,162,1330,1,0
594,163,1324,1,0
595,164,1091,1,0
596,164,1092,1,0
597,165,1068,1,0
598,165,1156,1,0
599,165,1331,1,0
600,165,1069,1,0
601,166,1332,1,0
602,167,1122,1,0
603,167,1068,1,0
604,168,1308,1,0
605,169,1308,1,0
606,170,1308,1,0
607,171,1327,1,0
608,172,1091,1,0
609,172,1092,1,0
610,173,1333,1,0
611,173,1334,1,0
612,174,1079,1,0
613,174,1331,1,0
614,175,1335,1,0
615,175,1336,1,0
616,175,1337,1,0
617,175,1338,1,0
618,175,1327,1,0
619,175,1328,1,0
620,175,1111,1,0
621,175,1299,1,0
622,175,1339,1,0
623,176,1333,1,0
624,176,1334,1,0
625,177,1092,1,0
626,178,1277,1,0
627,178,1278,1,0
628,178,1279,1,0
629,179,1221,1,0
630,180,1340,1,0
631,181,1250,1,0
632,181,1251,1,0
633,181,1324,1,0
634,181,1309,1,0
635,182,1046,1,0
636,182,1047,1,0
637,182,1048,1,0
638,182,1049,1,0
639,183,1341,1,0
640,183,1342,1,0
641,183,1343,1,0
642,183,1097,1,0
643,183,1344,1,0
644,184,1193,1,0
645,184,1091,1,0
646,184,1092,1,0
647,185,1327,1,0
648,186,1046,1,0
649,186,1047,1,0
650,186,1048,1,0
651,186,1049,1,0
652,187,1050,1,0
653,188,1316,1,0
654,188,1317,1,0
655,188,1318,1,0
656,189,1193,1,0
657,189,1091,1,0
658,189,1092,1,0
659,190,1186,1,0
660,190,1332,1,0
661,191,1345,1,0
662,191,1346,1,0
663,192,1041,1,0
664,193,1297,1,0
665,193,1298,1,0
666,194,1127,1,0
667,194,1347,1,0
668,195,1202,1,0
669,196,1345,1,0
670,197,1079,1,0
671,198,1079,1,0
672,199,1348,1,0
673,200,1163,1,0
674,200,1248,1,0
675,201,1349,1,0
676,202,1046,1,0
677,202,1047,1,0
678,202,1048,1,0
679,202,1049,1,0
680,203,1085,1,0
681,203,1167,1,0
682,203,1288,1,0
683,203,1244,1,0
684,203,1089,1,0
685,203,1350,1,0
686,204,1142,1,0
687,205,1310,1,0
688,205,1190,1,0
689,205,1152,1,0
690,205,1083,1,0
691,205,1227,1,0
692,205,1311,1,0
693,205,1351,1,0
694,205,1039,1,0
695,205,1155,1,0
696,205,1352,1,0
697,206,1310,1,0
698,206,1190,1,0
699,206,1152,1,0
700,206,1083,1,0
701,206,1227,1,0
702,206,1311,1,0
703,206,1351,1,0
704,206,1039,1,0
705,206,1155,1,0
706,206,1352,1,0
707,207,1353,1,0
708,208,1353,1,0
709,209,1354,1,0
710,209,1355,1,0
711,209,1068,1,0
712,209,1356,1,0
713,209,1040,1,0
714,209,1357,1,0
715,210,1190,1,0
716,210,1358,1,0
717,210,1152,1,0
718,210,1359,1,0
719,210,1227,1,0
720,210,1351,1,0
721,210,1360,1,0
722,210,1039,1,0
723,210,1155,1,0
724,210,1361,1,0
725,210,1357,1,0
726,211,1190,1,0
727,212,1310,1,0
728,212,1190,1,0
729,212,1152,1,0
730,212,1083,1,0
731,212,1227,1,0
732,212,1311,1,0
733,212,1351,1,0
734,212,1078,1,0
735,212,1039,1,0
736,212,1154,1,0
737,212,1155,1,0
738,212,1097,1,0
739,212,1362,1,0
740,212,1363,1,0
741,212,1352,1,0
742,212,1364,1,0
743,213,1310,1,0
744,213,1190,1,0
745,213,1152,1,0
746,213,1083,1,0
747,213,1227,1,0
748,213,1311,1,0
749,213,1351,1,0
750,213,1269,1,0
751,213,1305,1,0
752,213,1039,1,0
753,213,1155,1,0
754,213,1362,1,0
755,213,1352,1,0
756,214,1310,1,0
757,214,1190,1,0
758,214,1152,1,0
759,214,1083,1,0
760,214,1227,1,0
761,214,1311,1,0
762,214,1351,1,0
763,214,1039,1,0
764,214,1155,1,0
765,214,1041,1,0
766,214,1352,1,0
767,214,1364,1,0
768,215,1121,1,0
769,215,1151,1,0
770,215,1276,1,0
771,215,1243,1,0
772,215,1226,1,0
773,215,1152,1,0
774,215,1353,1,0
775,215,1365,1,0
776,215,1351,1,0
777,215,1228,1,0
778,215,1063,1,0
779,215,1312,1,0
780,215,1039,1,0
781,215,1366,1,0
782,215,1367,1,0
783,215,1155,1,0
784,215,1368,1,0
785,215,1156,1,0
786,215,1088,1,0
787,215,1097,1,0
788,215,1369,1,0
789,215,1069,1,0
790,215,1370,1,0
791,215,1150,1,0
792,216,1121,1,0
793,216,1151,1,0
794,216,1276,1,0
795,216,1353,1,0
796,216,1371,1,0
797,216,1351,1,0
798,216,1063,1,0
799,216,1078,1,0
800,216,1250,1,0
801,216,1183,1,0
802,216,1296,1,0
803,216,1344,1,0
804,216,1369,1,0
805,216,1041,1,0
806,217,1121,1,0
807,217,1151,1,0
808,217,1372,1,0
809,217,1063,1,0
810,217,1242,1,0
811,217,1170,1,0
812,217,1040,1,0
813,217,1373,1,0
814,217,1374,1,0
815,218,1190,1,0
816,218,1358,1,0
817,218,1152,1,0
818,218,1359,1,0
819,218,1227,1,0
820,218,1351,1,0
821,218,1360,1,0
822,218,1039,1,0
823,218,1375,1,0
824,218,1357,1,0
825,219,1310,1,0
826,219,1190,1,0
827,219,1152,1,0
828,219,1083,1,0
829,219,1227,1,0
830,219,1311,1,0
831,219,1351,1,0
832,219,1077,1,0
833,219,1305,1,0
834,219,1039,1,0
835,219,1154,1,0
836,219,1155,1,0
837,219,1097,1,0
838,219,1352,1,0
839,219,1364,1,0
840,220,1310,1,0
841,220,1190,1,0
842,220,1152,1,0
843,220,1083,1,0
844,220,1227,1,0
845,220,1311,1,0
846,220,1351,1,0
847,220,1077,1,0
848,220,1039,1,0
849,220,1182,1,0
850,220,1155,1,0
851,220,1352,1,0
852,220,1364,1,0
853,221,1190,1,0
854,221,1358,1,0
855,221,1152,1,0
856,221,1359,1,0
857,221,1227,1,0
858,221,1351,1,0
859,221,1360,1,0
860,221,1039,1,0
861,221,1375,1,0
862,221,1357,1,0
863,222,1310,1,0
864,222,1190,1,0
865,222,1152,1,0
866,222,1083,1,0
867,222,1227,1,0
868,222,1311,1,0
869,222,1351,1,0
870,222,1039,1,0
871,222,1155,1,0
872,222,1156,1,0
873,222,1352,1,0
874,223,1310,1,0
875,223,1190,1,0
876,223,1152,1,0
877,223,1083,1,0
878,223,1227,1,0
879,223,1311,1,0
880,223,1351,1,0
881,223,1039,1,0
882,223,1155,1,0
883,223,1352,1,0
884,224,1310,1,0
885,224,1190,1,0
886,224,1152,1,0
887,224,1083,1,0
888,224,1227,1,0
889,224,1311,1,0
890,224,1351,1,0
891,224,1039,1,0
892,224,1155,1,0
893,224,1352,1,0
894,225,1310,1,0
895,225,1190,1,0
896,225,1152,1,0
897,225,1083,1,0
898,225,1227,1,0
899,225,1311,1,0
900,225,1351,1,0
901,225,1039,1,0
902,225,1155,1,0
903,225,1352,1,0
904,226,1121,1,0
905,226,1371,1,0
906,227,1121,1,0
907,227,1151,1,0
908,227,1353,1,0
909,227,1227,1,0
910,227,1365,1,0
911,227,1155,1,0
912,228,1190,1,0
913,228,1358,1,0
914,228,1152,1,0
915,228,1359,1,0
916,228,1227,1,0
917,228,1351,1,0
918,228,1360,1,0
919,228,1130,1,0
920,228,1039,1,0
921,228,1375,1,0
922,228,1357,1,0
923,229,1121,1,0
924,229,1151,1,0
925,229,1353,1,0
926,229,1227,1,0
927,229,1365,1,0
928,229,1116,1,0
929,229,1078,1,0
930,229,1367,1,0
931,229,1155,1,0
932,229,1376,1,0
933,229,1204,1,0
934,229,1247,1,0
935,229,1377,1,0
936,230,1190,1,0
937,230,1358,1,0
938,230,1152,1,0
939,230,1359,1,0
940,230,1227,1,0
941,230,1351,1,0
942,230,1360,1,0
943,230,1130,1,0
944,230,1039,1,0
945,230,1088,1,0
946,230,1132,1,0
947,230,1375,1,0
948,230,1357,1,0
949,231,1310,1,0
950,231,1190,1,0
951,231,1152,1,0
952,231,1083,1,0
953,231,1227,1,0
954,231,1311,1,0
955,231,1351,1,0
956,231,1039,1,0
957,231,1155,1,0
958,231,1041,1,0
959,231,1352,1,0
960,231,1364,1,0
961,232,1121,1,0
962,232,1152,1,0
963,232,1079,1,0
964,232,1154,1,0
965,232,1155,1,0
966,232,1156,1,0
967,232,1041,1,0
968,232,1048,1,0
969,232,1049,1,0
970,233,1121,1,0
971,233,1152,1,0
972,233,1154,1,0
973,233,1155,1,0
974,233,1041,1,0
975,234,1121,1,0
976,234,1152,1,0
977,235,1121,1,0
978,235,1152,1,0
979,235,1078,1,0
980,235,1154,1,0
981,235,1155,1,0
982,235,1041,1,0
983,236,1310,1,0
984,236,1190,1,0
985,236,1152,1,0
986,236,1083,1,0
987,236,1227,1,0
988,236,1311,1,0
989,236,1351,1,0
990,236,1077,1,0
991,236,1039,1,0
992,236,1155,1,0
993,236,1041,1,0
994,236,1352,1,0
995,236,1364,1,0
996,237,1190,1,0
997,237,1358,1,0
998,237,1152,1,0
999,237,1359,1,0
1000,237,1227,1,0
1001,237,1351,1,0
1002,237,1360,1,0
1003,237,1130,1,0
1004,237,1039,1,0
1005,237,1357,1,0
1006,238,1152,1,0
1007,238,1136,1,0
1008,238,1378,1,0
1009,239,1068,1,0
1010,239,1202,1,0
1011,239,1367,1,0
1012,239,1155,1,0
1013,239,1356,1,0
1014,239,1040,1,0
1015,239,1092,1,0
1016,239,1357,1,0
1017,240,1310,1,0
1018,240,1190,1,0
1019,240,1152,1,0
1020,240,1083,1,0
1021,240,1227,1,0
1022,240,1311,1,0
1023,240,1351,1,0
1024,240,1077,1,0
1025,240,1039,1,0
1026,240,1155,1,0
1027,240,1041,1,0
1028,240,1352,1,0
1029,240,1364,1,0
1030,241,1121,1,0
1031,242,1190,1,0
1032,242,1358,1,0
1033,242,1152,1,0
1034,242,1359,1,0
1035,242,1227,1,0
1036,242,1351,1,0
1037,242,1360,1,0
1038,242,1039,1,0
1039,242,1357,1,0
1040,243,1190,1,0
1041,243,1358,1,0
1042,243,1152,1,0
1043,243,1359,1,0
1044,243,1227,1,0
1045,243,1351,1,0
1046,243,1360,1,0
1047,243,1039,1,0
1048,243,1357,1,0
1049,244,1310,1,0
1050,244,1190,1,0
1051,244,1152,1,0
1052,244,1083,1,0
1053,244,1227,1,0
1054,244,1311,1,0
1055,244,1351,1,0
1056,244,1039,1,0
1057,244,1155,1,0
1058,244,1041,1,0
1059,244,1352,1,0
1060,244,1364,1,0
1061,245,1310,1,0
1062,245,1190,1,0
1063,245,1152,1,0
1064,245,1083,1,0
1065,245,1227,1,0
1066,245,1311,1,0
1067,245,1351,1,0
1068,245,1039,1,0
1069,245,1155,1,0
1070,245,1352,1,0
1071,246,1310,1,0
1072,246,1190,1,0
1073,246,1152,1,0
1074,246,1083,1,0
1075,246,1227,1,0
1076,246,1311,1,0
1077,246,1351,1,0
1078,246,1039,1,0
1079,246,1155,1,0
1080,246,1352,1,0
1081,247,1190,1,0
1082,247,1358,1,0
1083,247,1152,1,0
1084,247,1359,1,0
1085,247,1227,1,0
1086,247,1351,1,0
1087,247,1360,1,0
1088,247,1039,1,0
1089,247,1357,1,0
1090,248,1190,1,0
1091,248,1358,1,0
1092,248,1152,1,0
1093,248,1359,1,0
1094,248,1227,1,0
1095,248,1351,1,0
1096,248,1360,1,0
1097,248,1039,1,0
1098,248,1088,1,0
1099,248,1357,1,0
1100,249,1121,1,0
1101,249,1151,1,0
1102,249,1353,1,0
1103,249,1227,1,0
1104,249,1365,1,0
1105,249,1155,1,0
1106,250,1276,1,0
1107,250,1365,1,0
1108,251,1121,1,0
1109,251,1151,1,0
1110,251,1353,1,0
1111,251,1227,1,0
1112,251,1365,1,0
1113,251,1155,1,0
1114,252,1190,1,0
1115,252,1358,1,0
1116,252,1152,1,0
1117,252,1359,1,0
1118,252,1227,1,0
1119,252,1351,1,0
1120,252,1360,1,0
1121,252,1039,1,0
1122,252,1357,1,0
1123,253,1379,1,0
1124,254,1075,1,0
1125,255,1380,1,0
1126,255,1381,1,0
1127,256,1197,1,0
1128,257,1199,1,0
1129,258,1382,1,0
1130,258,1383,1,0
1131,258,1384,1,0
1132,258,1385,1,0
1133,258,1386,1,0
1134,258,1387,1,0
1135,259,1388,1,0
1136,260,1389,1,0
1137,261,1390,1,0
1138,262,1391,1,0
1139,263,1392,1,0
1140,264,1393,1,0
1141,265,1394,1,0
1142,266,1395,1,0
1143,266,1396,1,0
1144,267,1397,1,0
1145,267,1398,1,0
1146,268,1117,1,0
1147,268,1399,1,0
1148,268,1400,1,0
1149,268,1401,1,0
1150,268,1402,1,0
1151,268,1403,1,0
1152,268,1119,1,0
1153,268,1120,1,0
1154,268,1404,1,0
1155,268,1405,1,0
1156,269,1406,1,0
1157,269,1407,1,0
1158,269,1408,1,0
1159,269,1409,1,0
1160,270,1197,1,0
1161,270,1198,1,0
1162,270,1199,1,0
1163,271,1117,1,0
1164,271,1410,1,0
1165,271,1411,1,0
1166,271,1119,1,0
1167,271,1412,1,0
1168,271,1120,1,0
1169,271,1413,1,0
1170,272,1162,1,0
1171,272,1149,1,0
1172,272,1077,1,0
1173,272,1163,1,0
1174,272,1218,1,0
1175,272,1078,1,0
1176,272,1304,1,0
1177,272,1182,1,0
1178,273,1347,1,0
1179,274,1414,1,0
1180,274,1415,1,0
1181,275,1416,1,0
1182,275,1417,1,0
1183,275,1418,1,0
1184,275,1419,1,0
1185,275,1420,1,0
1186,275,1421,1,0
1187,275,1422,1,0
1188,275,1423,1,0
1189,275,1424,1,0
1190,275,1425,1,0
1191,275,1426,1,0
1192,275,1427,1,0
1193,275,1428,1,0
1194,275,1429,1,0
1195,275,1430,1,0
1196,275,1431,1,0
1197,275,1432,1,0
1198,275,1433,1,0
1199,275,1434,1,0
1200,275,1435,1,0
1201,276,1416,1,0
1202,276,1417,1,0
1203,276,1418,1,0
1204,276,1419,1,0
1205,276,1420,1,0
1206,276,1421,1,0
1207,276,1422,1,0
1208,276,1423,1,0
1209,276,1424,1,0
1210,276,1425,1,0
1211,276,1426,1,0
1212,276,1427,1,0
1213,276,1428,1,0
1214,276,1429,1,0
1215,276,1430,1,0
1216,276,1431,1,0
1217,276,1432,1,0
1218,276,1433,1,0
1219,276,1434,1,0
1220,276,1435,1,0
1221,276,1436,1,0
1222,276,1437,1,0
1223,277,1117,1,0
1224,277,1438,1,0
1225,277,1119,1,0
1226,277,1412,1,0
1227,277,1398,1,0
1228,277,1439,1,0
1229,277,1120,1,0
1230,277,1440,1,0
1231,278,1382,1,0
1232,278,1441,1,0
1233,278,1385,1,0
1234,278,1442,1,0
1235,279,1416,1,0
1236,279,1417,1,0
1237,279,1418,1,0
1238,279,1419,1,0
1239,279,1420,1,0
1240,279,1421,1,0
1241,279,1422,1,0
1242,279,1423,1,0
1243,279,1424,1,0
1244,279,1425,1,0
1245,279,1426,1,0
1246,279,1427,1,0
1247,279,1428,1,0
1248,279,1429,1,0
1249,279,1430,1,0
1250,279,1431,1,0
1251,279,1432,1,0
1252,279,1433,1,0
1253,279,1434,1,0
1254,279,1435,1,0
1255,280,1416,1,0
1256,280,1417,1,0
1257,280,1418,1,0
1258,280,1419,1,0
1259,280,1420,1,0
1260,280,1421,1,0
1261,280,1422,1,0
1262,280,1423,1,0
1263,280,1424,1,0
1264,280,1425,1,0
1265,280,1426,1,0
1266,280,1427,1,0
1267,280,1428,1,0
1268,280,1429,1,0
1269,280,1430,1,0
1270,280,1431,1,0
1271,280,1432,1,0
1272,280,1433,1,0
1273,280,1434,1,0
1274,280,1435,1,0
1275,281,1286,1,0
1276,281,1339,1,0
1277,282,1243,1,0
1278,282,1443,1,0
1279,282,1444,1,0
1280,283,1445,1,0
1281,283,1446,1,0
1282,284,1447,1,0
1283,285,1162,1,0
1284,285,1448,1,0
1285,286,1117,1,0
1286,286,1411,1,0
1287,286,1119,1,0
1288,286,1449,1,0
1289,286,1120,1,0
1290,286,1413,1,0
1291,287,1117,1,0
1292,287,1450,1,0
1293,287,1397,1,0
1294,287,1119,1,0
1295,287,1439,1,0
1296,287,1451,1,0
1297,287,1120,1,0
1298,287,1440,1,0
1299,287,1452,1,0
1300,288,1202,1,0
1301,288,1203,1,0
1302,288,1453,1,0
1303,289,1202,1,0
1304,289,1203,1,0
1305,289,1454,1,0
1306,289,1455,1,0
1307,290,1456,1,0
1308,290,1457,1,0
1309,290,1414,1,0
1310,290,1458,1,0
1311,291,1459,1,0
1312,291,1460,1,0
1313,291,1446,1,0
1314,292,1461,1,0
1315,293,1077,1,0
1316,293,1218,1,0
1317,293,1182,1,0
1318,294,1462,1,0
1319,295,1463,1,0
1320,295,1464,1,0
1321,295,1068,1,0
1322,295,1078,1,0
1323,295,1079,1,0
1324,295,1367,1,0
1325,295,1343,1,0
1326,295,1375,1,0
1327,295,1069,1,0
1328,296,1117,1,0
1329,296,1465,1,0
1330,296,1411,1,0
1331,296,1119,1,0
1332,296,1412,1,0
1333,296,1120,1,0
1334,296,1440,1,0
1335,296,1413,1,0
1336,297,1202,1,0
1337,297,1203,1,0
1338,297,1454,1,0
1339,297,1455,1,0
1340,298,1466,1,0
1341,298,1467,1,0
1342,298,1468,1,0
1343,298,1197,1,0
1344,298,1469,1,0
1345,299,1470,1,0
1346,299,1471,1,0
1347,299,1406,1,0
1348,299,1205,1,0
1349,300,1344,1,0
1350,301,1155,1,0
1351,301,1132,1,0
1352,301,1472,1,0
1353,301,1473,1,0
1354,301,1207,1,0
1355,302,1150,1,0
1356,302,1472,1,0
1357,302,1207,1,0
1358,303,1474,1,0
1359,304,1197,1,0
1360,304,1198,1,0
1361,304,1199,1,0
1362,305,1202,1,0
1363,305,1203,1,0
1364,305,1454,1,0
1365,305,1455,1,0
1366,306,1475,1,0
1367,306,1155,1,0
1368,306,1132,1,0
1369,306,1134,1,0
1370,306,1150,1,0
1371,306,1472,1,0
1372,306,1207,1,0
1373,307,1116,1,0
1374,308,1355,1,0
1375,308,1153,1,0
1376,308,1127,1,0
1377,308,1476,1,0
1378,308,1477,1,0
1379,309,1335,1,0
1380,309,1336,1,0
1381,309,1337,1,0
1382,309,1338,1,0
1383,309,1478,1,0
1384,309,1479,1,0
1385,309,1480,1,0
1386,309,1481,1,0
1387,309,1339,1,0
1388,310,1316,1,0
1389,311,1316,1,0
1390,311,1317,1,0
1391,311,1318,1,0
1392,312,1068,1,0
1393,312,1078,1,0
1394,313,1382,1,0
1395,313,1441,1,0
1396,313,1385,1,0
1397,313,1442,1,0
1398,313,1468,1,0
1399,313,1469,1,0
1400,313,1482,1,0
1401,313,1483,1,0
1402,314,1484,1,0
1403,314,1485,1,0
1404,314,1486,1,0
1405,314,1468,1,0
1406,314,1094,1,0
1407,314,1469,1,0
1408,314,1107,1,0
1409,314,1108,1,0
1410,314,1245,1,0
1411,314,1487,1,0
1412,314,1099,1,0
1413,315,1488,1,0
1414,316,1489,1,0
1415,316,1490,1,0
1416,316,1491,1,0
1417,316,1134,1,0
1418,316,1492,1,0
1419,316,1493,1,0
1420,316,1494,1,0
1421,316,1415,1,0
1422,317,1495,1,0
1423,318,1202,1,0
1424,318,1203,1,0
1425,318,1454,1,0
1426,318,1455,1,0
1427,318,1496,1,0
1428,319,1497,1,0
1429,320,1045,1,0
1430,321,1461,1,0
1431,321,1444,1,0
1432,322,1472,1,0
1433,323,1498,1,0
1434,323,1053,1,0
1435,324,1260,1,0
1436,324,1197,1,0
1437,324,1469,1,0
1438,325,1499,1,0
1439,325,1354,1,0
1440,325,1500,1,0
1441,325,1501,1,0
1442,325,1502,1,0
1443,325,1503,1,0
1444,325,1504,1,0
1445,325,1505,1,0
1446,325,1506,1,0
1447,325,1507,1,0
1448,326,1162,1,0
1449,326,1163,1,0
1450,326,1508,1,0
1451,326,1509,1,0
1452,326,1304,1,0
1453,326,1219,1,0
1454,326,1071,1,0
1455,327,1510,1,0
1456,327,1163,1,0
1457,327,1068,1,0
1458,327,1304,1,0
1459,327,1511,1,0
1460,327,1512,1,0
1461,327,1343,1,0
1462,327,1513,1,0
1463,327,1514,1,0
1464,327,1369,1,0
1465,327,1069,1,0
1466,327,1515,1,0
1467,327,1516,1,0
1468,328,1517,1,0
1469,328,1117,1,0
1470,328,1518,1,0
1471,328,1119,1,0
1472,328,1189,1,0
1473,328,1356,1,0
1474,328,1120,1,0
1475,329,1163,1,0
1476,329,1519,1,0
1477,329,1117,1,0
1478,329,1304,1,0
1479,329,1188,1,0
1480,329,1088,1,0
1481,329,1520,1,0
1482,329,1119,1,0
1483,329,1369,1,0
1484,329,1120,1,0
1485,329,1521,1,0
1486,329,1522,1,0
1487,329,1364,1,0
1488,330,1523,1,0
1489,330,1218,1,0
1490,330,1524,1,0
1491,330,1040,1,0
1492,330,1525,1,0
1493,331,1066,1,0
1494,331,1286,1,0
1495,331,1437,1,0
1496,331,1526,1,0
1497,331,1067,1,0
1498,331,1527,1,0
1499,331,1058,1,0
1500,331,1356,1,0
1501,331,1093,1,0
1502,332,1365,1,0
1503,332,1177,1,0
1504,332,1178,1,0
1505,332,1179,1,0
1506,332,1180,1,0
1507,332,1181,1,0
1508,332,1116,1,0
1509,332,1077,1,0
1510,332,1068,1,0
1511,332,1182,1,0
1512,332,1528,1,0
1513,332,1088,1,0
1514,332,1184,1,0
1515,332,1495,1,0
1516,332,1185,1,0
1517,332,1529,1,0
1518,333,1447,1,0
1519,333,1129,1,0
1520,333,1530,1,0
1521,334,1531,1,0
1522,334,1532,1,0
1523,334,1533,1,0
1524,335,1534,1,0
1525,335,1535,1,0
1526,335,1536,1,0
1527,335,1537,1,0
1528,336,1538,1,0
1529,336,1539,1,0
1530,336,1437,1,0
1531,336,1526,1,0
1532,336,1540,1,0
1533,336,1366,1,0
1534,336,1534,1,0
1535,336,1535,1,0
1536,336,1541,1,0
1537,336,1536,1,0
1538,336,1542,1,0
1539,336,1537,1,0
1540,336,1356,1,0
1541,336,1543,1,0
1542,336,1544,1,0
1543,336,1545,1,0
1544,337,1538,1,0
1545,337,1539,1,0
1546,337,1526,1,0
1547,337,1117,1,0
1548,337,1540,1,0
1549,337,1366,1,0
1550,337,1541,1,0
1551,337,1407,1,0
1552,337,1408,1,0
1553,337,1546,1,0
1554,337,1547,1,0
1555,337,1548,1,0
1556,337,1542,1,0
1557,337,1409,1,0
1558,337,1119,1,0
1559,337,1549,1,0
1560,337,1550,1,0
1561,337,1543,1,0
1562,337,1120,1,0
1563,337,1544,1,0
1564,337,1545,1,0
1565,338,1117,1,0
1566,338,1546,1,0
1567,338,1547,1,0
1568,338,1548,1,0
1569,338,1119,1,0
1570,338,1120,1,0
1571,338,1551,1,0
1572,338,1552,1,0
1573,339,1117,1,0
1574,339,1546,1,0
1575,339,1547,1,0
1576,339,1548,1,0
1577,339,1119,1,0
1578,339,1120,1,0
1579,340,1538,1,0
1580,340,1539,1,0
1581,340,1526,1,0
1582,340,1540,1,0
1583,340,1366,1,0
1584,340,1553,1,0
1585,340,1527,1,0
1586,340,1541,1,0
1587,340,1542,1,0
1588,340,1543,1,0
1589,340,1544,1,0
1590,340,1545,1,0
1591,341,1538,1,0
1592,341,1539,1,0
1593,341,1526,1,0
1594,341,1540,1,0
1595,341,1366,1,0
1596,341,1541,1,0
1597,341,1542,1,0
1598,341,1543,1,0
1599,341,1544,1,0
1600,341,1545,1,0
1601,342,1538,1,0
1602,342,1539,1,0
1603,342,1526,1,0
1604,342,1540,1,0
1605,342,1366,1,0
1606,342,1527,1,0
1607,342,1541,1,0
1608,342,1542,1,0
1609,342,1543,1,0
1610,342,1544,1,0
1611,342,1545,1,0
1612,343,1538,1,0
1613,343,1539,1,0
1614,343,1526,1,0
1615,343,1540,1,0
1616,343,1366,1,0
1617,343,1553,1,0
1618,343,1541,1,0
1619,343,1542,1,0
1620,343,1543,1,0
1621,343,1544,1,0
1622,343,1545,1,0
1623,344,1554,1,0
1624,345,1555,1,0
1625,345,1554,1,0
1626,346,1555,1,0
1627,347,1526,1,0
1628,347,1540,1,0
1629,347,1366,1,0
1630,347,1541,1,0
1631,347,1542,1,0
1632,347,1543,1,0
1633,347,1544,1,0
1634,347,1545,1,0
1635,348,1556,1,0
1636,348,1508,1,0
1637,348,1356,1,0
1638,349,1538,1,0
1639,349,1539,1,0
1640,349,1127,1,0
1641,349,1526,1,0
1642,349,1540,1,0
1643,349,1366,1,0
1644,349,1541,1,0
1645,349,1542,1,0
1646,349,1557,1,0
1647,349,1543,1,0
1648,349,1544,1,0
1649,349,1545,1,0
1650,350,1538,1,0
1651,350,1539,1,0
1652,350,1558,1,0
1653,350,1526,1,0
1654,350,1540,1,0
1655,350,1366,1,0
1656,350,1541,1,0
1657,350,1542,1,0
1658,350,1559,1,0
1659,350,1560,1,0
1660,350,1561,1,0
1661,350,1543,1,0
1662,350,1544,1,0
1663,350,1545,1,0
1664,351,1562,1,0
1665,351,1538,1,0
1666,351,1539,1,0
1667,351,1526,1,0
1668,351,1540,1,0
1669,351,1366,1,0
1670,351,1532,1,0
1671,351,1541,1,0
1672,351,1536,1,0
1673,351,1542,1,0
1674,351,1563,1,0
1675,351,1564,1,0
1676,351,1543,1,0
1677,351,1544,1,0
1678,351,1545,1,0
1679,352,1538,1,0
1680,352,1539,1,0
1681,352,1526,1,0
1682,352,1540,1,0
1683,352,1366,1,0
1684,352,1541,1,0
1685,352,1542,1,0
1686,352,1563,1,0
1687,352,1565,1,0
1688,352,1543,1,0
1689,352,1404,1,0
1690,352,1544,1,0
1691,352,1545,1,0
1692,353,1117,1,0
1693,353,1566,1,0
1694,353,1119,1,0
1695,353,1567,1,0
1696,353,1568,1,0
1697,353,1120,1,0
1698,353,1569,1,0
1699,353,1570,1,0
1700,353,1571,1,0
1701,354,1117,1,0
1702,354,1566,1,0
1703,354,1407,1,0
1704,354,1119,1,0
1705,354,1567,1,0
1706,354,1572,1,0
1707,354,1568,1,0
1708,354,1120,1,0
1709,354,1569,1,0
1710,354,1570,1,0
1711,354,1571,1,0
1712,354,1446,1,0
1713,355,1573,1,0
1714,355,1192,1,0
1715,355,1356,1,0
1716,355,1111,1,0
1717,355,1112,1,0
1718,356,1121,1,0
1719,356,1360,1,0
1720,356,1573,1,0
1721,356,1192,1,0
1722,356,1511,1,0
1723,356,1487,1,0
1724,357,1574,1,0
1725,357,1107,1,0
1726,357,1487,1,0
1727,358,1086,1,0
1728,358,1096,1,0
1729,358,1076,1,0
1730,359,1575,1,0
1731,359,1148,1,0
1732,360,1575,1,0
1733,361,1575,1,0
1734,362,1575,1,0
1735,363,1575,1,0
1736,364,1575,1,0
1737,365,1575,1,0
1738,366,1575,1,0
1739,367,1575,1,0
1740,368,1576,1,0
1741,369,1577,1,0
1742,369,1578,1,0
1743,370,1577,1,0
1744,370,1578,1,0
1745,370,1526,1,0
1746,370,1579,1,0
1747,371,1240,1,0
1748,371,1274,1,0
1749,372,1437,1,0
1750,372,1356,1,0
1751,372,1040,1,0
1752,373,1355,1,0
1753,373,1153,1,0
1754,373,1127,1,0
1755,373,1437,1,0
1756,373,1088,1,0
1757,373,1136,1,0
1758,373,1356,1,0
1759,373,1040,1,0
1760,373,1378,1,0
1761,373,1289,1,0
1762,373,1158,1,0
1763,373,1062,1,0
1764,374,1437,1,0
1765,374,1356,1,0
1766,374,1040,1,0
1767,375,1437,1,0
1768,375,1356,1,0
1769,375,1040,1,0
1770,376,1149,1,0
1771,376,1437,1,0
1772,376,1088,1,0
1773,376,1356,1,0
1774,376,1040,1,0
1775,377,1439,1,0
1776,378,1129,1,0
1777,379,1356,1,0
1778,380,1117,1,0
1779,380,1580,1,0
1780,380,1581,1,0
1781,380,1119,1,0
1782,380,1120,1,0
1783,380,1440,1,0
1784,381,1437,1,0
1785,381,1582,1,0
1786,381,1117,1,0
1787,381,1203,1,0
1788,381,1088,1,0
1789,381,1119,1,0
1790,381,1412,1,0
1791,381,1040,1,0
1792,381,1120,1,0
1793,381,1440,1,0
1794,381,1583,1,0
1795,382,1117,1,0
1796,382,1119,1,0
1797,382,1412,1,0
1798,382,1398,1,0
1799,382,1120,1,0
1800,382,1440,1,0
1801,383,1437,1,0
1802,383,1167,1,0
1803,383,1526,1,0
1804,383,1356,1,0
1805,383,1584,1,0
1806,384,1040,1,0
1807,385,1327,1,0
1808,385,1116,1,0
1809,386,1585,1,0
1810,386,1586,1,0
1811,386,1587,1,0
1812,386,1116,1,0
1813,387,1341,1,0
1814,387,1342,1,0
1815,388,1538,1,0
1816,388,1539,1,0
1817,388,1526,1,0
1818,388,1540,1,0
1819,388,1366,1,0
1820,388,1541,1,0
1821,388,1542,1,0
1822,388,1543,1,0
1823,388,1588,1,0
1824,388,1544,1,0
1825,388,1589,1,0
1826,388,1545,1,0
1827,388,1590,1,0
1828,389,1162,1,0
1829,389,1127,1,0
1830,389,1437,1,0
1831,389,1163,1,0
1832,389,1526,1,0
1833,389,1304,1,0
1834,389,1591,1,0
1835,389,1136,1,0
1836,389,1356,1,0
1837,389,1040,1,0
1838,389,1378,1,0
1839,389,1289,1,0
1840,389,1166,1,0
1841,390,1592,1,0
1842,390,1068,1,0
1843,390,1388,1,0
1844,390,1593,1,0
1845,390,1088,1,0
1846,390,1069,1,0
1847,390,1594,1,0
1848,391,1595,1,0
1849,392,1416,1,0
1850,392,1417,1,0
1851,392,1418,1,0
1852,392,1419,1,0
1853,392,1420,1,0
1854,392,1421,1,0
1855,392,1422,1,0
1856,392,1423,1,0
1857,392,1424,1,0
1858,392,1425,1,0
1859,392,1426,1,0
1860,392,1427,1,0
1861,392,1428,1,0
1862,392,1429,1,0
1863,392,1430,1,0
1864,392,1431,1,0
1865,392,1432,1,0
1866,392,1433,1,0
1867,392,1434,1,0
1868,392,1435,1,0
1869,392,1154,1,0
1870,392,1596,1,0
1871,392,1264,1,0
1872,393,1522,1,0
1873,393,1588,1,0
1874,393,1589,1,0
1875,393,1590,1,0
1876,394,1575,1,0
1877,395,1575,1,0
1878,396,1575,1,0
1879,397,1575,1,0
1880,398,1121,1,0
1881,398,1360,1,0
1882,398,1573,1,0
1883,398,1192,1,0
1884,398,1511,1,0
1885,399,1597,1,0
1886,400,1162,1,0
1887,400,1163,1,0
1888,400,1154,1,0
1889,400,1598,1,0
1890,400,1137,1,0
1891,401,1185,1,0
1892,401,1265,1,0
1893,402,1599,1,0
1894,402,1600,1,0
1895,402,1601,1,0
1896,402,1602,1,0
1897,402,1603,1,0
1898,403,1604,1,0
1899,404,1286,1,0
1900,404,1116,1,0
1901,404,1202,1,0
1902,404,1039,1,0
1903,404,1203,1,0
1904,404,1454,1,0
1905,404,1455,1,0
1906,404,1185,1,0
1907,404,1605,1,0
1908,404,1453,1,0
1909,405,1606,1,0
1910,405,1512,1,0
1911,405,1607,1,0
1912,406,1608,1,0
1913,406,1609,1,0
1914,406,1610,1,0
1915,407,1114,1,0
1916,408,1611,1,0
1917,408,1574,1,0
1918,409,1162,1,0
1919,409,1163,1,0
1920,409,1154,1,0
1921,409,1598,1,0
1922,409,1137,1,0
1923,410,1437,1,0
1924,410,1356,1,0
1925,410,1040,1,0
1926,411,1447,1,0
1927,412,1538,1,0
1928,412,1539,1,0
1929,412,1526,1,0
1930,412,1540,1,0
1931,412,1366,1,0
1932,412,1541,1,0
1933,412,1612,1,0
1934,412,1542,1,0
1935,412,1549,1,0
1936,412,1543,1,0
1937,412,1613,1,0
1938,412,1544,1,0
1939,412,1545,1,0
1940,347,1614,1,0
1941,347,1615,1,0
1942,347,1616,1,0
1943,413,1510,1,0
1944,413,1513,1,0
1945,413,1514,1,0
1946,413,1515,1,0
1947,413,1516,1,0
1948,414,1510,1,0
1949,414,1513,1,0
1950,414,1514,1,0
1951,414,1515,1,0
1952,414,1516,1,0
1953,415,1617,1,0
1954,415,1618,1,0
1955,415,1619,1,0
1956,416,1162,1,0
1957,416,1149,1,0
1958,416,1116,1,0
1959,416,1038,1,0
1960,416,1093,1,0
1961,417,1185,1,0
1962,417,1620,1,0
1963,418,1163,1,0
1964,418,1304,1,0
1965,418,1356,1,0
1966,418,1621,1,0
1967,418,1622,1,0
1968,418,1623,1,0
1969,419,1286,1,0
1970,419,1202,1,0
1971,419,1203,1,0
1972,419,1454,1,0
1973,419,1455,1,0
1974,419,1453,1,0
1975,420,1624,1,0
1976,421,1617,1,0
1977,421,1618,1,0
1978,421,1619,1,0
1979,422,1286,1,0
1980,422,1406,1,0
1981,422,1625,1,0
1982,422,1202,1,0
1983,422,1039,1,0
1984,422,1155,1,0
1985,422,1203,1,0
1986,422,1454,1,0
1987,422,1455,1,0
1988,422,1088,1,0
1989,422,1453,1,0
1990,423,1117,1,0
1991,423,1580,1,0
1992,423,1581,1,0
1993,423,1119,1,0
1994,423,1120,1,0
1995,423,1440,1,0
1996,424,1068,1,0
1997,424,1037,1,0
1998,425,1416,1,0
1999,425,1417,1,0
2000,425,1418,1,0
2001,425,1419,1,0
2002,425,1420,1,0
2003,425,1421,1,0
2004,425,1422,1,0
2005,425,1423,1,0
2006,425,1424,1,0
2007,425,1425,1,0
2008,425,1426,1,0
2009,425,1427,1,0
2010,425,1428,1,0
2011,425,1429,1,0
2012,425,1430,1,0
2013,425,1431,1,0
2014,425,1432,1,0
2015,425,1433,1,0
2016,425,1434,1,0
2017,425,1435,1,0
2018,426,1538,1,0
2019,426,1539,1,0
2020,426,1573,1,0
2021,426,1526,1,0
2022,426,1540,1,0
2023,426,1366,1,0
2024,426,1541,1,0
2025,426,1542,1,0
2026,426,1561,1,0
2027,426,1543,1,0
2028,426,1544,1,0
2029,426,1545,1,0
2030,427,1538,1,0
2031,427,1539,1,0
2032,427,1526,1,0
2033,427,1540,1,0
2034,427,1366,1,0
2035,427,1541,1,0
2036,427,1542,1,0
2037,427,1563,1,0
2038,427,1564,1,0
2039,427,1543,1,0
2040,427,1544,1,0
2041,427,1545,1,0
2042,428,1388,1,0
2043,428,1594,1,0
2044,429,1284,1,0
2045,429,1159,1,0
2046,430,1538,1,0
2047,430,1539,1,0
2048,430,1526,1,0
2049,430,1540,1,0
2050,430,1366,1,0
2051,430,1541,1,0
2052,430,1542,1,0
2053,430,1543,1,0
2054,430,1626,1,0
2055,430,1544,1,0
2056,430,1545,1,0
2057,431,1149,1,0
2058,431,1117,1,0
2059,431,1154,1,0
2060,431,1118,1,0
2061,431,1131,1,0
2062,431,1119,1,0
2063,431,1120,1,0
2064,431,1158,1,0
2065,432,1627,1,0
2066,433,1554,1,0
2067,434,1554,1,0
2068,435,1553,1,0
2069,436,1628,1,0
2070,437,1117,1,0
2071,437,1566,1,0
2072,437,1119,1,0
2073,437,1567,1,0
2074,437,1568,1,0
2075,437,1120,1,0
2076,437,1569,1,0
2077,437,1570,1,0
2078,437,1571,1,0
2079,438,1562,1,0
2080,438,1538,1,0
2081,438,1539,1,0
2082,438,1526,1,0
2083,438,1540,1,0
2084,438,1366,1,0
2085,438,1541,1,0
2086,438,1542,1,0
2087,438,1543,1,0
2088,438,1629,1,0
2089,438,1544,1,0
2090,438,1545,1,0
2091,439,1406,1,0
2092,439,1117,1,0
2093,439,1312,1,0
2094,439,1155,1,0
2095,439,1580,1,0
2096,439,1581,1,0
2097,439,1088,1,0
2098,439,1344,1,0
2099,439,1119,1,0
2100,439,1120,1,0
2101,439,1440,1,0
2102,440,1450,1,0
2103,440,1398,1,0
2104,440,1347,1,0
2105,440,1439,1,0
2106,441,1121,1,0
2107,441,1276,1,0
2108,441,1243,1,0
2109,441,1226,1,0
2110,441,1353,1,0
2111,441,1227,1,0
2112,441,1371,1,0
2113,441,1365,1,0
2114,441,1039,1,0
2115,441,1630,1,0
2116,441,1451,1,0
2117,442,1412,1,0
2118,443,1046,1,0
2119,444,1202,1,0
2120,444,1203,1,0
2121,444,1454,1,0
2122,444,1455,1,0
2123,445,1562,1,0
2124,445,1538,1,0
2125,445,1539,1,0
2126,445,1526,1,0
2127,445,1540,1,0
2128,445,1366,1,0
2129,445,1541,1,0
2130,445,1542,1,0
2131,445,1543,1,0
2132,445,1629,1,0
2133,445,1544,1,0
2134,445,1545,1,0
2135,446,1202,1,0
2136,446,1203,1,0
2137,446,1454,1,0
2138,446,1455,1,0
2139,446,1453,1,0
2140,447,1356,1,0
2141,448,1202,1,0
2142,448,1203,1,0
2143,448,1454,1,0
2144,448,1455,1,0
2145,449,1538,1,0
2146,449,1539,1,0
2147,449,1526,1,0
2148,449,1540,1,0
2149,449,1366,1,0
2150,449,1541,1,0
2151,449,1542,1,0
2152,449,1557,1,0
2153,449,1572,1,0
2154,449,1543,1,0
2155,449,1544,1,0
2156,449,1545,1,0
2157,450,1113,1,0
2158,450,1631,1,0
2159,451,1510,1,0
2160,451,1513,1,0
2161,451,1514,1,0
2162,451,1515,1,0
2163,451,1516,1,0
2164,452,1258,1,0
2165,452,1259,1,0
2166,452,1260,1,0
2167,452,1261,1,0
2168,452,1262,1,0
2169,452,1263,1,0
2170,452,1132,1,0
2171,452,1265,1,0
2172,452,1632,1,0
2173,453,1258,1,0
2174,453,1259,1,0
2175,453,1260,1,0
2176,453,1261,1,0
2177,453,1262,1,0
2178,453,1263,1,0
2179,453,1127,1,0
2180,454,1382,1,0
2181,454,1468,1,0
2182,454,1469,1,0
2183,454,1199,1,0
2184,454,1482,1,0
2185,455,1633,1,0
2186,456,1634,1,0
2187,457,1450,1,0
2188,457,1635,1,0
2189,457,1398,1,0
2190,457,1439,1,0
2191,457,1451,1,0
2192,457,1487,1,0
2193,457,1636,1,0
2194,458,1468,1,0
2195,458,1469,1,0
2196,458,1482,1,0
2197,459,1450,1,0
2198,459,1397,1,0
2199,459,1411,1,0
2200,459,1398,1,0
2201,459,1347,1,0
2202,459,1439,1,0
2203,459,1440,1,0
2204,459,1413,1,0
2205,460,1637,1,0
2206,460,1638,1,0
2207,460,1117,1,0
2208,460,1155,1,0
2209,460,1450,1,0
2210,460,1119,1,0
2211,460,1412,1,0
2212,460,1398,1,0
2213,460,1347,1,0
2214,460,1439,1,0
2215,460,1120,1,0
2216,460,1440,1,0
2217,460,1413,1,0
2218,461,1149,1,0
2219,461,1116,1,0
2220,461,1068,1,0
2221,461,1079,1,0
2222,461,1050,1,0
2223,461,1039,1,0
2224,461,1242,1,0
2225,461,1164,1,0
2226,462,1639,1,0
2227,462,1640,1,0
2228,463,1310,1,0
2229,463,1190,1,0
2230,463,1083,1,0
2231,463,1311,1,0
2232,464,1168,1,0
2233,465,1608,1,0
2234,465,1609,1,0
2235,466,1641,1,0
2236,466,1642,1,0
2237,466,1643,1,0
2238,466,1116,1,0
2239,466,1438,1,0
2240,466,1076,1,0
2241,466,1270,1,0
2242,467,1286,1,0
2243,467,1068,1,0
2244,467,1038,1,0
2245,467,1039,1,0
2246,467,1155,1,0
2247,467,1088,1,0
2248,468,1077,1,0
2249,468,1068,1,0
2250,468,1218,1,0
2251,468,1193,1,0
2252,468,1296,1,0
2253,469,1639,1,0
2254,470,1644,1,0
2255,471,1066,1,0
2256,471,1067,1,0
2257,472,1645,1,0
2258,472,1286,1,0
2259,472,1464,1,0
2260,472,1116,1,0
2261,472,1077,1,0
2262,472,1068,1,0
2263,472,1218,1,0
2264,472,1646,1,0
2265,472,1246,1,0
2266,472,1132,1,0
2267,472,1170,1,0
2268,472,1647,1,0
2269,472,1069,1,0
2270,473,1648,1,0
2271,474,1450,1,0
2272,474,1398,1,0
2273,474,1439,1,0
2274,475,1531,1,0
2275,475,1532,1,0
2276,475,1533,1,0
2277,476,1114,1,0
2278,477,1258,1,0
2279,477,1259,1,0
2280,477,1260,1,0
2281,477,1261,1,0
2282,477,1383,1,0
2283,477,1262,1,0
2284,477,1263,1,0
2285,477,1386,1,0
2286,477,1649,1,0
2287,477,1042,1,0
2288,478,1538,1,0
2289,478,1539,1,0
2290,478,1526,1,0
2291,478,1540,1,0
2292,478,1366,1,0
2293,478,1541,1,0
2294,478,1542,1,0
2295,478,1563,1,0
2296,478,1564,1,0
2297,478,1543,1,0
2298,478,1544,1,0
2299,478,1545,1,0
2300,479,1650,1,0
2301,480,1117,1,0
2302,480,1580,1,0
2303,480,1581,1,0
2304,480,1651,1,0
2305,480,1119,1,0
2306,480,1120,1,0
2307,480,1440,1,0
2308,481,1117,1,0
2309,481,1580,1,0
2310,481,1581,1,0
2311,481,1119,1,0
2312,481,1120,1,0
2313,481,1440,1,0
2314,482,1468,1,0
2315,482,1482,1,0
2316,483,1652,1,0
2317,484,1653,1,0
2318,485,1117,1,0
2319,485,1119,1,0
2320,485,1654,1,0
2321,485,1120,1,0
2322,485,1655,1,0
2323,485,1656,1,0
2324,486,1657,1,0
2325,487,1447,1,0
2326,487,1129,1,0
2327,487,1658,1,0
2328,487,1659,1,0
2329,488,1608,1,0
2330,488,1609,1,0
2331,489,1660,1,0
2332,490,1121,1,0
2333,490,1327,1,0
2334,490,1406,1,0
2335,490,1155,1,0
2336,490,1376,1,0
2337,490,1204,1,0
2338,490,1088,1,0
2339,490,1092,1,0
2340,490,1661,1,0
2341,491,1226,1,0
2342,491,1358,1,0
2343,491,1662,1,0
2344,491,1406,1,0
2345,491,1155,1,0
2346,491,1204,1,0
2347,491,1088,1,0
2348,491,1356,1,0
2349,491,1047,1,0
2350,491,1040,1,0
2351,491,1661,1,0
2352,492,1116,1,0
2353,492,1654,1,0
2354,493,1286,1,0
2355,493,1202,1,0
2356,493,1203,1,0
2357,493,1454,1,0
2358,493,1455,1,0
2359,494,1258,1,0
2360,494,1259,1,0
2361,494,1260,1,0
2362,494,1261,1,0
2363,494,1383,1,0
2364,494,1262,1,0
2365,494,1263,1,0
2366,494,1386,1,0
2367,494,1649,1,0
2368,495,1258,1,0
2369,495,1259,1,0
2370,495,1260,1,0
2371,495,1261,1,0
2372,495,1383,1,0
2373,495,1262,1,0
2374,495,1263,1,0
2375,495,1386,1,0
2376,495,1649,1,0
2377,496,1663,1,0
2378,497,1451,1,0
2379,497,1440,1,0
2380,497,1413,1,0
2381,498,1269,1,0
2382,498,1235,1,0
2383,498,1664,1,0
2384,499,1665,1,0
2385,499,1666,1,0
2386,499,1117,1,0
2387,499,1254,1,0
2388,499,1667,1,0
2389,499,1119,1,0
2390,499,1120,1,0
2391,499,1668,1,0
2392,500,1235,1,0
2393,501,1068,1,0
2394,502,1202,1,0
2395,502,1088,1,0
2396,503,1129,1,0
2397,503,1669,1,0
2398,503,1659,1,0
2399,503,1487,1,0
2400,504,1531,1,0
2401,504,1532,1,0
2402,504,1533,1,0
2403,505,1077,1,0
2404,506,1310,1,0
2405,506,1190,1,0
2406,506,1083,1,0
2407,506,1311,1,0
2408,507,1218,1,0
2409,508,1116,1,0
2410,508,1124,1,0
2411,508,1439,1,0
2412,509,1670,1,0
2413,510,1671,1,0
2414,510,1672,1,0
2415,510,1673,1,0
2416,510,1382,1,0
2417,510,1384,1,0
2418,510,1385,1,0
2419,510,1387,1,0
2420,510,1469,1,0
2421,510,1265,1,0
2422,510,1674,1,0
2423,510,1482,1,0
2424,511,1218,1,0
2425,511,1305,1,0
2426,511,1366,1,0
2427,511,1296,1,0
2428,511,1675,1,0
2429,511,1119,1,0
2430,511,1040,1,0
2431,511,1676,1,0
2432,512,1677,1,0
2433,513,1116,1,0
2434,513,1447,1,0
2435,513,1086,1,0
2436,513,1096,1,0
2437,513,1249,1,0
2438,514,1127,1,0
2439,514,1116,1,0
2440,514,1447,1,0
2441,514,1163,1,0
2442,514,1078,1,0
2443,514,1304,1,0
2444,514,1511,1,0
2445,514,1203,1,0
2446,514,1040,1,0
2447,514,1093,1,0
2448,515,1080,1,0
2449,516,1678,1,0
2450,516,1129,1,0
2451,516,1679,1,0
2452,517,1202,1,0
2453,517,1203,1,0
2454,517,1454,1,0
2455,517,1455,1,0
2456,518,1575,1,0
2457,518,1487,1,0
2458,519,1447,1,0
2459,519,1129,1,0
2460,519,1659,1,0
2461,520,1258,1,0
2462,520,1259,1,0
2463,520,1260,1,0
2464,520,1261,1,0
2465,520,1383,1,0
2466,520,1262,1,0
2467,520,1263,1,0
2468,520,1386,1,0
2469,520,1649,1,0
2470,520,1369,1,0
2471,521,1510,1,0
2472,521,1513,1,0
2473,521,1514,1,0
2474,521,1515,1,0
2475,521,1516,1,0
2476,522,1600,1,0
2477,522,1601,1,0
2478,522,1602,1,0
2479,522,1146,1,0
2480,522,1680,1,0
2481,523,1162,1,0
2482,523,1170,1,0
2483,523,1321,1,0
2484,524,1681,1,0
2485,524,1562,1,0
2486,524,1538,1,0
2487,524,1539,1,0
2488,524,1526,1,0
2489,524,1540,1,0
2490,524,1366,1,0
2491,524,1541,1,0
2492,524,1542,1,0
2493,524,1543,1,0
2494,524,1629,1,0
2495,524,1405,1,0
2496,524,1544,1,0
2497,524,1545,1,0
2498,525,1682,1,0
2499,526,1114,1,0
2500,527,1310,1,0
2501,527,1190,1,0
2502,527,1083,1,0
2503,527,1311,1,0
2504,528,1683,1,0
2505,528,1684,1,0
2506,528,1608,1,0
2507,529,1675,1,0
2508,530,1685,1,0
2509,530,1143,1,0
2510,531,1597,1,0
2511,531,1356,1,0
2512,532,1499,1,0
2513,532,1500,1,0
2514,532,1501,1,0
2515,532,1153,1,0
2516,532,1127,1,0
2517,532,1437,1,0
2518,532,1526,1,0
2519,532,1596,1,0
2520,532,1491,1,0
2521,532,1356,1,0
2522,532,1686,1,0
2523,532,1264,1,0
2524,532,1687,1,0
2525,532,1502,1,0
2526,532,1503,1,0
2527,532,1042,1,0
2528,532,1236,1,0
2529,532,1504,1,0
2530,532,1483,1,0
2531,532,1505,1,0
2532,532,1506,1,0
2533,532,1507,1,0
2534,533,1117,1,0
2535,533,1580,1,0
2536,533,1581,1,0
2537,533,1119,1,0
2538,533,1120,1,0
2539,533,1440,1,0
2540,534,1651,1,0
2541,534,1525,1,0
2542,535,1113,1,0
2543,535,1077,1,0
2544,535,1068,1,0
2545,535,1218,1,0
2546,535,1078,1,0
2547,535,1117,1,0
2548,535,1079,1,0
2549,535,1438,1,0
2550,535,1536,1,0
2551,535,1119,1,0
2552,535,1412,1,0
2553,535,1347,1,0
2554,535,1495,1,0
2555,535,1120,1,0
2556,536,1117,1,0
2557,536,1119,1,0
2558,536,1120,1,0
2559,536,1688,1,0
2560,536,1689,1,0
2561,537,1046,1,0
2562,537,1298,1,0
2563,538,1645,1,0
2564,538,1286,1,0
2565,538,1464,1,0
2566,539,1645,1,0
2567,539,1286,1,0
2568,539,1526,1,0
2569,539,1646,1,0
2570,540,1463,1,0
2571,540,1464,1,0
2572,540,1068,1,0
2573,540,1343,1,0
2574,540,1563,1,0
2575,540,1069,1,0
2576,540,1690,1,0
2577,541,1538,1,0
2578,541,1539,1,0
2579,541,1526,1,0
2580,541,1540,1,0
2581,541,1366,1,0
2582,541,1541,1,0
2583,541,1542,1,0
2584,541,1543,1,0
2585,541,1522,1,0
2586,541,1588,1,0
2587,541,1544,1,0
2588,541,1589,1,0
2589,541,1545,1,0
2590,541,1590,1,0
2591,542,1397,1,0
2592,542,1412,1,0
2593,542,1398,1,0
2594,542,1439,1,0
2595,542,1440,1,0
2596,542,1413,1,0
2597,543,1068,1,0
2598,544,1128,1,0
2599,544,1447,1,0
2600,544,1691,1,0
2601,544,1692,1,0
2602,545,1628,1,0
2603,546,1046,1,0
2604,547,1136,1,0
2605,548,1202,1,0
2606,548,1203,1,0
2607,548,1454,1,0
2608,548,1455,1,0
2609,548,1453,1,0
2610,549,1612,1,0
2611,549,1613,1,0
2612,550,1382,1,0
2613,550,1384,1,0
2614,550,1385,1,0
2615,550,1387,1,0
2616,550,1265,1,0
2617,551,1382,1,0
2618,551,1385,1,0
2619,552,1131,1,0
2620,552,1450,1,0
2621,553,1450,1,0
2622,553,1398,1,0
2623,553,1451,1,0
2624,553,1440,1,0
2625,554,1416,1,0
2626,554,1417,1,0
2627,554,1418,1,0
2628,554,1419,1,0
2629,554,1420,1,0
2630,554,1421,1,0
2631,554,1422,1,0
2632,554,1423,1,0
2633,554,1424,1,0
2634,554,1425,1,0
2635,554,1426,1,0
2636,554,1427,1,0
2637,554,1428,1,0
2638,554,1429,1,0
2639,554,1430,1,0
2640,554,1431,1,0
2641,554,1432,1,0
2642,554,1433,1,0
2643,554,1434,1,0
2644,554,1435,1,0
2645,554,1596,1,0
2646,554,1264,1,0
2647,555,1416,1,0
2648,555,1417,1,0
2649,555,1418,1,0
2650,555,1419,1,0
2651,555,1420,1,0
2652,555,1421,1,0
2653,555,1422,1,0
2654,555,1423,1,0
2655,555,1424,1,0
2656,555,1425,1,0
2657,555,1426,1,0
2658,555,1427,1,0
2659,555,1428,1,0
2660,555,1429,1,0
2661,555,1430,1,0
2662,555,1431,1,0
2663,555,1432,1,0
2664,555,1433,1,0
2665,555,1434,1,0
2666,555,1435,1,0
2667,555,1693,1,0
2668,555,1694,1,0
2669,555,1596,1,0
2670,555,1686,1,0
2671,555,1040,1,0
2672,555,1695,1,0
2673,556,1416,1,0
2674,556,1417,1,0
2675,556,1418,1,0
2676,556,1419,1,0
2677,556,1420,1,0
2678,556,1421,1,0
2679,556,1422,1,0
2680,556,1423,1,0
2681,556,1424,1,0
2682,556,1425,1,0
2683,556,1426,1,0
2684,556,1427,1,0
2685,556,1428,1,0
2686,556,1429,1,0
2687,556,1430,1,0
2688,556,1431,1,0
2689,556,1432,1,0
2690,556,1433,1,0
2691,556,1434,1,0
2692,556,1435,1,0
2693,556,1046,1,0
2694,556,1632,1,0
2695,557,1416,1,0
2696,557,1417,1,0
2697,557,1418,1,0
2698,557,1419,1,0
2699,557,1420,1,0
2700,557,1421,1,0
2701,557,1422,1,0
2702,557,1423,1,0
2703,557,1424,1,0
2704,557,1425,1,0
2705,557,1426,1,0
2706,557,1427,1,0
2707,557,1428,1,0
2708,557,1429,1,0
2709,557,1430,1,0
2710,557,1431,1,0
2711,557,1432,1,0
2712,557,1433,1,0
2713,557,1434,1,0
2714,557,1435,1,0
2715,558,1382,1,0
2716,558,1384,1,0
2717,558,1385,1,0
2718,558,1387,1,0
2719,559,1696,1,0
2720,559,1697,1,0
2721,560,1316,1,0
2722,560,1317,1,0
2723,560,1318,1,0
2724,561,1153,1,0
2725,562,1448,1,0
2726,563,1698,1,0
2727,563,1699,1,0
2728,563,1700,1,0
2729,563,1129,1,0
2730,563,1603,1,0
2731,564,1117,1,0
2732,564,1399,1,0
2733,564,1400,1,0
2734,564,1401,1,0
2735,564,1402,1,0
2736,564,1403,1,0
2737,564,1119,1,0
2738,564,1120,1,0
2739,565,1532,1,0
2740,566,1177,1,0
2741,566,1178,1,0
2742,566,1179,1,0
2743,566,1180,1,0
2744,566,1181,1,0
2745,566,1185,1,0
2746,567,1046,1,0
2747,568,1077,1,0
2748,568,1218,1,0
2749,568,1701,1,0
2750,569,1117,1,0
2751,569,1119,1,0
2752,569,1412,1,0
2753,569,1448,1,0
2754,569,1120,1,0
2755,569,1413,1,0
2756,570,1450,1,0
2757,570,1397,1,0
2758,570,1398,1,0
2759,570,1439,1,0
2760,570,1440,1,0
2761,570,1413,1,0
2762,571,1450,1,0
2763,571,1397,1,0
2764,571,1411,1,0
2765,571,1412,1,0
2766,571,1398,1,0
2767,571,1439,1,0
2768,571,1440,1,0
2769,571,1413,1,0
2770,572,1117,1,0
2771,572,1580,1,0
2772,572,1581,1,0
2773,572,1119,1,0
2774,572,1120,1,0
2775,572,1440,1,0
2776,573,1162,1,0
2777,573,1154,1,0
2778,574,1572,1,0
2779,575,1397,1,0
2780,575,1448,1,0
2781,576,1702,1,0
2782,576,1703,1,0
2783,577,1077,1,0
2784,578,1064,1,0
2785,578,1506,1,0
2786,579,1704,1,0
2787,580,1495,1,0
2788,581,1310,1,0
2789,581,1190,1,0
2790,581,1083,1,0
2791,581,1311,1,0
2792,582,1310,1,0
2793,582,1190,1,0
2794,582,1083,1,0
2795,582,1311,1,0
2796,583,1117,1,0
2797,583,1705,1,0
2798,583,1107,1,0
2799,583,1119,1,0
2800,583,1412,1,0
2801,583,1398,1,0
2802,583,1120,1,0
2803,583,1440,1,0
2804,584,1438,1,0
2805,584,1495,1,0
2806,585,1068,1,0
2807,585,1706,1,0
2808,586,1077,1,0
2809,586,1218,1,0
2810,586,1341,1,0
2811,587,1116,1,0
2812,587,1114,1,0
2813,588,1116,1,0
2814,589,1447,1,0
2815,590,1707,1,0
2816,590,1708,1,0
2817,590,1047,1,0
2818,590,1395,1,0
2819,591,1335,1,0
2820,591,1336,1,0
2821,591,1337,1,0
2822,591,1338,1,0
2823,591,1478,1,0
2824,591,1479,1,0
2825,591,1480,1,0
2826,591,1481,1,0
2827,592,1058,1,0
2828,593,1478,1,0
2829,593,1479,1,0
2830,593,1480,1,0
2831,593,1481,1,0
2832,593,1286,1,0
2833,594,1117,1,0
2834,594,1548,1,0
2835,594,1119,1,0
2836,594,1120,1,0
2837,595,1113,1,0
2838,595,1439,1,0
2839,596,1709,1,0
2840,596,1710,1,0
2841,596,1650,1,0
2842,596,1711,1,0
2843,597,1058,1,0
2844,597,1647,1,0
2845,597,1654,1,0
2846,598,1555,1,0
2847,598,1554,1,0
2848,599,1335,1,0
2849,599,1336,1,0
2850,599,1337,1,0
2851,599,1338,1,0
2852,599,1464,1,0
2853,600,1456,1,0
2854,600,1457,1,0
2855,600,1414,1,0
2856,600,1458,1,0
2857,601,1310,1,0
2858,601,1190,1,0
2859,601,1083,1,0
2860,601,1311,1,0
2861,602,1121,1,0
2862,602,1371,1,0
2863,602,1687,1,0
2864,603,1068,1,0
2865,603,1078,1,0
2866,603,1443,1,0
2867,603,1444,1,0
2868,604,1456,1,0
2869,604,1457,1,0
2870,604,1132,1,0
2871,604,1712,1,0
2872,604,1356,1,0
2873,604,1414,1,0
2874,604,1458,1,0
2875,605,1040,1,0
2876,606,1713,1,0
2877,607,1714,1,0
2878,607,1509,1,0
2879,607,1635,1,0
2880,607,1715,1,0
2881,607,1696,1,0
2882,607,1487,1,0
2883,607,1716,1,0
2884,607,1717,1,0
2885,608,1718,1,0
2886,609,1639,1,0
2887,610,1450,1,0
2888,610,1398,1,0
2889,610,1439,1,0
2890,610,1440,1,0
2891,611,1704,1,0
2892,612,1450,1,0
2893,612,1398,1,0
2894,613,1719,1,0
2895,614,1310,1,0
2896,614,1190,1,0
2897,614,1083,1,0
2898,614,1311,1,0
2899,615,1397,1,0
2900,616,1720,1,0
2901,616,1721,1,0
2902,616,1722,1,0
2903,616,1723,1,0
2904,616,1724,1,0
2905,617,1693,1,0
2906,617,1127,1,0
2907,617,1064,1,0
2908,617,1504,1,0
2909,617,1724,1,0
2910,618,1310,1,0
2911,618,1190,1,0
2912,618,1083,1,0
2913,618,1311,1,0
2914,619,1040,1,0
2915,620,1117,1,0
2916,620,1119,1,0
2917,620,1120,1,0
2918,620,1688,1,0
2919,620,1689,1,0
2920,621,1041,1,0
2921,622,1725,1,0
2922,622,1684,1,0
2923,622,1471,1,0
2924,623,1726,1,0
2925,624,1258,1,0
2926,624,1259,1,0
2927,624,1260,1,0
2928,624,1261,1,0
2929,624,1262,1,0
2930,624,1263,1,0
2931,625,1727,1,0
2932,626,1727,1,0
2933,627,1728,1,0
2934,628,1729,1,0
2935,628,1730,1,0
2936,629,1731,1,0
2937,629,1661,1,0
2938,630,1727,1,0
2939,631,1732,1,0
2940,632,1731,1,0
2941,632,1661,1,0
2942,633,1693,1,0
2943,633,1733,1,0
2944,633,1064,1,0
2945,633,1724,1,0
2946,634,1355,1,0
2947,634,1153,1,0
2948,634,1127,1,0
2949,635,1204,1,0
2950,636,1403,1,0
2951,636,1488,1,0
2952,637,1562,1,0
2953,637,1538,1,0
2954,637,1539,1,0
2955,637,1526,1,0
2956,637,1540,1,0
2957,637,1366,1,0
2958,637,1541,1,0
2959,637,1542,1,0
2960,637,1543,1,0
2961,637,1629,1,0
2962,637,1544,1,0
2963,637,1545,1,0
2964,638,1258,1,0
2965,638,1259,1,0
2966,638,1260,1,0
2967,638,1261,1,0
2968,638,1262,1,0
2969,638,1263,1,0
2970,639,1258,1,0
2971,639,1259,1,0
2972,639,1260,1,0
2973,639,1261,1,0
2974,639,1383,1,0
2975,639,1262,1,0
2976,639,1263,1,0
2977,639,1386,1,0
2978,639,1649,1,0
2979,639,1734,1,0
2980,639,1735,1,0
2981,640,1653,1,0
2982,641,1575,1,0
2983,641,1525,1,0
2984,642,1366,1,0
2985,643,1736,1,0
2986,644,1149,1,0
2987,645,1310,1,0
2988,645,1190,1,0
2989,645,1083,1,0
2990,645,1311,1,0
2991,646,1736,1,0
2992,646,1737,1,0
2993,647,1736,1,0
2994,648,1498,1,0
2995,649,1397,1,0
2996,650,1498,1,0
2997,651,1498,1,0
2998,652,1117,1,0
2999,652,1119,1,0
3000,652,1738,1,0
3001,652,1739,1,0
3002,652,1120,1,0
3003,653,1218,1,0
3004,653,1182,1,0
3005,654,1134,1,0
3006,655,1437,1,0
3007,655,1136,1,0
3008,655,1126,1,0
3009,655,1040,1,0
3010,656,1310,1,0
3011,656,1190,1,0
3012,656,1083,1,0
3013,656,1311,1,0
3014,657,1117,1,0
3015,657,1119,1,0
3016,657,1738,1,0
3017,657,1739,1,0
3018,657,1120,1,0
3019,658,1714,1,0
3020,658,1094,1,0
3021,658,1450,1,0
3022,658,1398,1,0
3023,658,1439,1,0
3024,658,1487,1,0
3025,658,1668,1,0
3026,658,1740,1,0
3027,658,1099,1,0
3028,659,1741,1,0
3029,659,1742,1,0
3030,659,1579,1,0
3031,659,1743,1,0
3032,659,1711,1,0
3033,660,1538,1,0
3034,660,1539,1,0
3035,660,1526,1,0
3036,660,1117,1,0
3037,660,1540,1,0
3038,660,1366,1,0
3039,660,1541,1,0
3040,660,1542,1,0
3041,660,1119,1,0
3042,660,1543,1,0
3043,660,1120,1,0
3044,660,1522,1,0
3045,660,1588,1,0
3046,660,1544,1,0
3047,660,1589,1,0
3048,660,1545,1,0
3049,660,1590,1,0
3050,661,1714,1,0
3051,661,1094,1,0
3052,661,1729,1,0
3053,661,1744,1,0
3054,661,1107,1,0
3055,661,1332,1,0
3056,661,1257,1,0
3057,661,1717,1,0
3058,662,1347,1,0
3059,662,1451,1,0
3060,662,1440,1,0
3061,663,1116,1,0
3062,663,1202,1,0
3063,663,1203,1,0
3064,663,1454,1,0
3065,663,1455,1,0
3066,664,1162,1,0
3067,664,1149,1,0
3068,664,1039,1,0
3069,665,1416,1,0
3070,665,1417,1,0
3071,665,1418,1,0
3072,665,1419,1,0
3073,665,1420,1,0
3074,665,1421,1,0
3075,665,1422,1,0
3076,665,1423,1,0
3077,665,1424,1,0
3078,665,1425,1,0
3079,665,1426,1,0
3080,665,1427,1,0
3081,665,1428,1,0
3082,665,1429,1,0
3083,665,1430,1,0
3084,665,1431,1,0
3085,665,1432,1,0
3086,665,1433,1,0
3087,665,1434,1,0
3088,665,1435,1,0
3089,666,1416,1,0
3090,666,1417,1,0
3091,666,1418,1,0
3092,666,1419,1,0
3093,666,1420,1,0
3094,666,1421,1,0
3095,666,1422,1,0
3096,666,1423,1,0
3097,666,1424,1,0
3098,666,1425,1,0
3099,666,1426,1,0
3100,666,1427,1,0
3101,666,1428,1,0
3102,666,1429,1,0
3103,666,1430,1,0
3104,666,1431,1,0
3105,666,1432,1,0
3106,666,1433,1,0
3107,666,1434,1,0
3108,666,1435,1,0
3109,667,1745,1,0
3110,667,1746,1,0
3111,668,1404,1,0
3112,669,1612,1,0
3113,669,1395,1,0
3114,669,1613,1,0
3115,670,1310,1,0
3116,670,1190,1,0
3117,670,1083,1,0
3118,670,1311,1,0
3119,671,1538,1,0
3120,671,1539,1,0
3121,671,1526,1,0
3122,671,1540,1,0
3123,671,1366,1,0
3124,671,1541,1,0
3125,671,1542,1,0
3126,671,1557,1,0
3127,671,1543,1,0
3128,671,1544,1,0
3129,671,1545,1,0
3130,672,1468,1,0
3131,672,1482,1,0
3132,672,1415,1,0
3133,672,1584,1,0
3134,673,1118,1,0
3135,673,1131,1,0
3136,674,1116,1,0
3137,674,1059,1,0
3138,675,1502,1,0
3139,676,1116,1,0
3140,676,1038,1,0
3141,677,1118,1,0
3142,678,1310,1,0
3143,678,1190,1,0
3144,678,1083,1,0
3145,678,1311,1,0
3146,679,1049,1,0
3147,680,1612,1,0
3148,680,1395,1,0
3149,680,1613,1,0
3150,681,1671,1,0
3151,681,1672,1,0
3152,681,1673,1,0
3153,681,1747,1,0
3154,681,1382,1,0
3155,681,1384,1,0
3156,681,1385,1,0
3157,681,1387,1,0
3158,682,1366,1,0
3159,682,1525,1,0
3160,682,1238,1,0
3161,683,1066,1,0
3162,683,1052,1,0
3163,683,1039,1,0
3164,683,1554,1,0
3165,684,1748,1,0
3166,684,1729,1,0
3167,684,1749,1,0
3168,685,1748,1,0
3169,685,1729,1,0
3170,685,1749,1,0
3171,686,1206,1,0
3172,687,1450,1,0
3173,687,1397,1,0
3174,687,1412,1,0
3175,687,1398,1,0
3176,687,1439,1,0
3177,687,1449,1,0
3178,687,1440,1,0
3179,687,1413,1,0
3180,688,1310,1,0
3181,688,1190,1,0
3182,688,1083,1,0
3183,688,1311,1,0
3184,689,1637,1,0
3185,689,1117,1,0
3186,689,1410,1,0
3187,689,1411,1,0
3188,689,1119,1,0
3189,689,1412,1,0
3190,689,1120,1,0
3191,689,1413,1,0
3192,690,1683,1,0
3193,690,1684,1,0
3194,691,1637,1,0
3195,691,1750,1,0
3196,692,1501,1,0
3197,692,1505,1,0
3198,692,1506,1,0
3199,692,1507,1,0
3200,693,1751,1,0
3201,693,1335,1,0
3202,693,1336,1,0
3203,693,1337,1,0
3204,693,1338,1,0
3205,693,1478,1,0
3206,693,1479,1,0
3207,693,1480,1,0
3208,693,1481,1,0
3209,694,1646,1,0
3210,694,1735,1,0
3211,694,1752,1,0
3212,695,1355,1,0
3213,695,1153,1,0
3214,695,1127,1,0
3215,696,1665,1,0
3216,696,1666,1,0
3217,697,1163,1,0
3218,697,1068,1,0
3219,697,1078,1,0
3220,697,1304,1,0
3221,697,1079,1,0
3222,698,1534,1,0
3223,699,1693,1,0
3224,699,1127,1,0
3225,699,1064,1,0
3226,699,1504,1,0
3227,699,1724,1,0
3228,700,1121,1,0
3229,700,1243,1,0
3230,700,1406,1,0
3231,700,1155,1,0
3232,700,1753,1,0
3233,700,1088,1,0
3234,700,1443,1,0
3235,700,1754,1,0
3236,701,1523,1,0
3237,702,1416,1,0
3238,702,1417,1,0
3239,702,1418,1,0
3240,702,1419,1,0
3241,702,1420,1,0
3242,702,1421,1,0
3243,702,1422,1,0
3244,702,1423,1,0
3245,702,1424,1,0
3246,702,1425,1,0
3247,702,1426,1,0
3248,702,1427,1,0
3249,702,1428,1,0
3250,702,1429,1,0
3251,702,1430,1,0
3252,702,1431,1,0
3253,702,1432,1,0
3254,702,1433,1,0
3255,702,1434,1,0
3256,702,1435,1,0
3257,703,1202,1,0
3258,703,1203,1,0
3259,703,1454,1,0
3260,703,1455,1,0
3261,704,1755,1,0
3262,704,1707,1,0
3263,704,1756,1,0
3264,704,1757,1,0
3265,704,1758,1,0
3266,704,1759,1,0
3267,705,1155,1,0
3268,706,1416,1,0
3269,706,1417,1,0
3270,706,1418,1,0
3271,706,1419,1,0
3272,706,1420,1,0
3273,706,1421,1,0
3274,706,1422,1,0
3275,706,1423,1,0
3276,706,1424,1,0
3277,706,1425,1,0
3278,706,1426,1,0
3279,706,1427,1,0
3280,706,1428,1,0
3281,706,1429,1,0
3282,706,1430,1,0
3283,706,1431,1,0
3284,706,1432,1,0
3285,706,1433,1,0
3286,706,1434,1,0
3287,706,1435,1,0
3288,707,1416,1,0
3289,707,1417,1,0
3290,707,1418,1,0
3291,707,1419,1,0
3292,707,1420,1,0
3293,707,1421,1,0
3294,707,1422,1,0
3295,707,1423,1,0
3296,707,1424,1,0
3297,707,1425,1,0
3298,707,1427,1,0
3299,707,1428,1,0
3300,707,1429,1,0
3301,707,1430,1,0
3302,707,1431,1,0
3303,707,1432,1,0
3304,707,1434,1,0
3305,707,1435,1,0
3306,707,1506,1,0
3307,708,1760,1,0
3308,709,1761,1,0
3309,709,1762,1,0
3310,709,1364,1,0
3311,710,1134,1,0
3312,710,1493,1,0
3313,711,1763,1,0
3314,712,1696,1,0
3315,712,1697,1,0
3316,713,1745,1,0
3317,714,1475,1,0
3318,714,1378,1,0
3319,715,1445,1,0
3320,715,1446,1,0
3321,716,1202,1,0
3322,716,1203,1,0
3323,716,1453,1,0
3324,717,1764,1,0
3325,717,1162,1,0
3326,718,1748,1,0
3327,719,1202,1,0
3328,719,1203,1,0
3329,719,1454,1,0
3330,719,1455,1,0
3331,720,1765,1,0
3332,721,1766,1,0
3333,721,1767,1,0
3334,722,1671,1,0
3335,722,1672,1,0
3336,722,1673,1,0
3337,722,1382,1,0
3338,722,1384,1,0
3339,722,1385,1,0
3340,722,1387,1,0
3341,723,1117,1,0
3342,723,1411,1,0
3343,723,1119,1,0
3344,723,1398,1,0
3345,723,1120,1,0
3346,724,1748,1,0
3347,725,1397,1,0
3348,726,1182,1,0
3349,727,1478,1,0
3350,727,1479,1,0
3351,727,1480,1,0
3352,727,1481,1,0
3353,728,1202,1,0
3354,728,1203,1,0
3355,728,1454,1,0
3356,728,1455,1,0
3357,728,1496,1,0
3358,729,1768,1,0
3359,730,1707,1,0
3360,730,1708,1,0
3361,731,1709,1,0
3362,731,1769,1,0
3363,731,1711,1,0
3364,732,1741,1,0
3365,733,1741,1,0
3366,734,1770,1,0
3367,735,1575,1,0
3368,736,1310,1,0
3369,736,1190,1,0
3370,736,1083,1,0
3371,736,1311,1,0
3372,737,1315,1,0
3373,738,1665,1,0
3374,738,1666,1,0
3375,738,1667,1,0
3376,739,1651,1,0
3377,740,1771,1,0
3378,740,1772,1,0
3379,741,1741,1,0
3380,742,1477,1,0
3381,743,1153,1,0
3382,743,1127,1,0
3383,743,1476,1,0
3384,743,1477,1,0
3385,744,1153,1,0
3386,744,1127,1,0
3387,744,1476,1,0
3388,744,1477,1,0
3389,745,1633,1,0
3390,745,1773,1,0
3391,745,1774,1,0
3392,745,1775,1,0
3393,745,1776,1,0
3394,745,1565,1,0
3395,745,1404,1,0
3396,746,1416,1,0
3397,746,1417,1,0
3398,746,1418,1,0
3399,746,1419,1,0
3400,746,1420,1,0
3401,746,1421,1,0
3402,746,1422,1,0
3403,746,1423,1,0
3404,746,1424,1,0
3405,746,1425,1,0
3406,746,1426,1,0
3407,746,1427,1,0
3408,746,1428,1,0
3409,746,1429,1,0
3410,746,1430,1,0
3411,746,1431,1,0
3412,746,1432,1,0
3413,746,1433,1,0
3414,746,1434,1,0
3415,746,1435,1,0
3416,747,1741,1,0
3417,748,1708,1,0
3418,749,1653,1,0
3419,750,1777,1,0
3420,751,1778,1,0
3421,752,1484,1,0
3422,752,1485,1,0
3423,752,1486,1,0
3424,752,1265,1,0
3425,753,1243,1,0
3426,753,1162,1,0
3427,753,1461,1,0
3428,753,1443,1,0
3429,753,1111,1,0
3430,754,1117,1,0
3431,754,1627,1,0
3432,754,1119,1,0
3433,754,1120,1,0
3434,755,1310,1,0
3435,755,1190,1,0
3436,755,1083,1,0
3437,755,1311,1,0
3438,756,1779,1,0
3439,756,1068,1,0
3440,756,1780,1,0
3441,757,1450,1,0
3442,757,1397,1,0
3443,757,1701,1,0
3444,757,1398,1,0
3445,757,1439,1,0
3446,758,1443,1,0
3447,758,1444,1,0
3448,759,1117,1,0
3449,759,1397,1,0
3450,759,1411,1,0
3451,759,1119,1,0
3452,759,1398,1,0
3453,759,1120,1,0
3454,760,1121,1,0
3455,760,1078,1,0
3456,761,1117,1,0
3457,761,1119,1,0
3458,761,1120,1,0
3459,761,1522,1,0
3460,761,1588,1,0
3461,761,1589,1,0
3462,761,1590,1,0
3463,762,1596,1,0
3464,763,1416,1,0
3465,763,1417,1,0
3466,763,1418,1,0
3467,763,1419,1,0
3468,763,1420,1,0
3469,763,1421,1,0
3470,763,1422,1,0
3471,763,1423,1,0
3472,763,1424,1,0
3473,763,1425,1,0
3474,763,1426,1,0
3475,763,1427,1,0
3476,763,1428,1,0
3477,763,1429,1,0
3478,763,1430,1,0
3479,763,1431,1,0
3480,763,1432,1,0
3481,763,1433,1,0
3482,763,1434,1,0
3483,763,1435,1,0
3484,764,1781,1,0
3485,765,1231,1,0
3486,766,1057,1,0
3487,765,1236,1,0
3488,766,1236,1,0
3489,765,1232,1,0
3490,766,1232,1,0
3491,765,1233,1,0
3492,766,1233,1,0
3493,766,1235,1,0
3494,765,1235,1,0
3495,766,1231,1,0
3496,542,1782,1,0
3497,687,1782,1,0
3498,610,1782,1,0
3499,459,1782,1,0
3500,440,1782,1,0
3501,457,1782,1,0
3502,460,1782,1,0
3503,571,1782,1,0
3504,570,1782,1,0
3505,765,1057,1,0
3506,765,1230,1,0
3507,273,1783,1,0
3508,767,1784,1,0
3509,532,1785,1,0
3510,542,1783,1,0
3511,382,1783,1,0
3512,277,1783,1,0
3513,768,1786,1,0
3514,766,1230,1,0
3515,480,1783,1,0
3516,583,1783,1,0
3517,535,1783,1,0
3518,769,1787,1,0
3519,95,1788,1,0
3520,347,1789,1,0
3521,770,1790,1,0
3522,771,1070,1,0
3523,772,1791,1,0
3524,773,1369,1,0
3525,770,1148,1,0
3526,662,1782,1,0
3527,553,1792,1,0
3528,273,1782,1,0
3529,552,1782,1,0
3530,267,1782,1,0
3531,474,1782,1,0
3532,658,1782,1,0
3533,774,1462,1,0
3534,775,1639,1,0
3535,775,1379,1,0
3536,776,1044,1,0
3537,595,1793,1,0
3538,777,1794,1,0
3539,424,1795,1,0
3540,160,1796,1,0
3541,778,1797,1,0
3542,778,1798,1,0
3543,778,1799,1,0
3544,779,1083,1,0
3545,780,1083,1,0
3546,781,1083,1,0
3547,782,1083,1,0
3548,783,1083,1,0
3549,784,1083,1,0
3550,785,1083,1,0
3551,786,1083,1,0
3552,787,1083,1,0
3553,787,1190,1,0
3554,786,1190,1,0
3555,785,1190,1,0
3556,784,1190,1,0
3557,783,1190,1,0
3558,782,1190,1,0
3559,781,1190,1,0
3560,780,1190,1,0
3561,779,1190,1,0
3562,787,1310,1,0
3563,786,1310,1,0
3564,785,1310,1,0
3565,784,1310,1,0
3566,783,1310,1,0
3567,782,1310,1,0
3568,781,1310,1,0
3569,780,1310,1,0
3570,779,1310,1,0
3571,787,1311,1,0
3572,786,1311,1,0
3573,785,1311,1,0
3574,784,1311,1,0
3575,783,1311,1,0
3576,782,1311,1,0
3577,781,1311,1,0
3578,780,1311,1,0
3579,779,1311,1,0
3580,788,1800,1,0
3581,789,1114,1,0
3582,790,1119,1,0
3583,791,1801,1,0
3584,604,1802,1,0
3585,604,1803,1,0
3586,792,1139,1,0
3587,765,1238,1,0
3588,766,1238,1,0
3589,290,1802,1,0
3590,600,1802,1,0
3591,793,1273,1,0
3592,790,1439,1,0
3593,524,1789,1,0
3594,637,1789,1,0
3595,445,1789,1,0
3596,438,1789,1,0
3597,794,1058,1,0
3598,795,1368,1,0
3599,796,1368,1,0
3600,795,1804,1,0
3601,691,1805,1,0
3602,337,1806,1,0
3603,339,1806,1,0
3604,338,1806,1,0
3605,797,1131,1,0
3606,798,1807,1,0
3607,799,1801,1,0
3608,800,1808,1,0
3609,800,1809,1,0
3610,484,1810,1,0
3611,749,1810,1,0
3612,484,1811,1,0
3613,749,1811,1,0
3614,801,1812,1,0
3615,794,1647,1,0
3616,802,1526,1,0
3617,803,1068,1,0
3618,793,1236,1,0
3619,793,1246,1,0
3620,793,1229,1,0
3621,617,1813,1,0
3622,804,1814,1,0
3623,805,1622,1,0
3624,663,1815,1,0
3625,663,1816,1,0
3626,806,1817,1,0
3627,699,1818,1,0
3628,807,1819,1,0
3629,808,1046,1,0
3630,809,1820,1,0
3631,802,1560,1,0
3632,790,1821,1,0
3633,803,1822,1,0
3634,411,1823,1,0
3635,810,1814,1,0
3636,811,1511,1,0
3637,812,1271,1,0
3638,813,1040,1,0
3639,814,1040,1,0
3640,802,1366,1,0
3641,815,1046,1,0
3642,815,1047,1,0
3643,9,1818,1,0
3644,816,1510,1,0
3645,816,1513,1,0
3646,816,1514,1,0
3647,816,1516,1,0
3648,817,1694,1,0
3649,373,1824,1,0
3650,818,1136,1,0
3651,465,1825,1,0
3652,819,1819,1,0
3653,802,1534,1,0
3654,820,1826,1,0
3655,820,1550,1,0
3656,792,1046,1,0
3657,821,1827,1,0
3658,802,1828,1,0
3659,822,1573,1,0
3660,822,1829,1,0
3661,801,1573,1,0
3662,513,1830,1,0
3663,811,1831,1,0
3664,823,1040,1,0
3665,824,1748,1,0
3666,825,1503,1,0
3667,825,1500,1,0
3668,826,1040,1,0
3669,332,1832,1,0
3670,467,1833,1,0
3671,827,1356,1,0
3672,827,1040,1,0
3673,129,1834,1,0
3674,683,1793,1,0
3675,828,1040,1,0
3676,829,1835,1,0
3677,818,1040,1,0
3678,830,1582,1,0
3679,48,1832,1,0
3680,417,1832,1,0
3681,97,1834,1,0
3682,770,1304,1,0
3683,770,1836,1,0
3684,770,1284,1,0
3685,770,1804,1,0
3686,770,1822,1,0
3687,770,1159,1,0
3688,831,1581,1,0
3689,545,1837,1,0
3690,819,1838,1,0
3691,832,1691,1,0
3692,832,1119,1,0
3693,833,1591,1,0
3694,516,1830,1,0
3695,271,1782,1,0
3696,759,1782,1,0
3697,834,1039,1,0
3698,834,1839,1,0
3699,834,1093,1,0
3700,41,1818,1,0
3701,835,1068,1,0
3702,422,1818,1,0
3703,836,1079,1,0
3704,836,1068,1,0
3705,837,1189,1,0
3706,838,1504,1,0
3707,633,1813,1,0
3708,495,1840,1,0
3709,679,1841,1,0
3710,839,1400,1,0
3711,839,1287,1,0
3712,314,1832,1,0
3713,805,1842,1,0
3714,805,1621,1,0
3715,840,1841,1,0
3716,786,1039,1,0
3717,595,1843,1,0
3718,595,1844,1,0
3719,784,1363,1,0
3720,784,1845,1,0
3721,784,1362,1,0
3722,382,1818,1,0
3723,841,1304,1,0
3724,841,1068,1,0
3725,841,1162,1,0
3726,803,1304,1,0
3727,803,1077,1,0
3728,803,1162,1,0
3729,842,1130,1,0
3730,843,1846,1,0
3731,843,1039,1,0
3732,844,1415,1,0
3733,816,1582,1,0
3734,689,1782,1,0
3735,845,1847,1,0
3736,845,1155,1,0
3737,845,1136,1,0
3738,790,1623,1,0
3739,790,1609,1,0
3740,790,1848,1,0
3741,790,1368,1,0
3742,790,1849,1,0
3743,790,1513,1,0
3744,790,1118,1,0
3745,790,1546,1,0
3746,790,1829,1,0
3747,790,1774,1,0
3748,790,1581,1,0
3749,790,1366,1,0
3750,790,1189,1,0
3751,790,1850,1,0
3752,846,1077,1,0
3753,846,1068,1,0
3754,792,1048,1,0
3755,847,1162,1,0
3756,848,1502,1,0
3757,848,1500,1,0
3758,848,1505,1,0
3759,849,1068,1,0
3760,849,1162,1,0
3761,807,1851,1,0
3762,245,1845,1,0
3763,850,1852,1,0
3764,776,1155,1,0
3765,776,1582,1,0
3766,215,1845,1,0
3767,785,1625,1,0
3768,225,1845,1,0
3769,426,1783,1,0
3770,851,1437,1,0
3771,723,1782,1,0
3772,852,1068,1,0
3773,852,1077,1,0
3774,852,1818,1,0
3775,852,1853,1,0
3776,775,1056,1,0
3777,566,1832,1,0
3778,853,1482,1,0
3779,853,1244,1,0
3780,854,1304,1,0
3781,766,1234,1,0
3782,333,1854,1,0
3783,787,1362,1,0
3784,802,1612,1,0
3785,855,1855,1,0
3786,856,1495,1,0
3787,857,1039,1,0
3788,857,1246,1,0
3789,246,1845,1,0
3790,782,1362,1,0
3791,29,1856,1,0
3792,209,1857,1,0
3793,213,1845,1,0
3794,858,1858,1,0
3795,858,1495,1,0
3796,286,1782,1,0
3797,859,1859,1,0
3798,860,1804,1,0
3799,822,1518,1,0
3800,861,1437,1,0
3801,862,1860,1,0
3802,835,1296,1,0
3803,863,1564,1,0
3804,807,1053,1,0
3805,819,1053,1,0
3806,864,1086,1,0
3807,437,1861,1,0
3808,354,1861,1,0
3809,830,1583,1,0
3810,327,1862,1,0
3811,683,1863,1,0
3812,790,1806,1,0
3813,865,1040,1,0
3814,866,1040,1,0
3815,867,1040,1,0
3816,857,1040,1,0
3817,773,1040,1,0
3818,861,1040,1,0
3819,770,1040,1,0
3820,868,1040,1,0
3821,853,1040,1,0
3822,851,1040,1,0
3823,845,1040,1,0
3824,869,1040,1,0
3825,800,1040,1,0
3826,820,1409,1,0
3827,870,1364,1,0
3828,871,1364,1,0
3829,872,1364,1,0
3830,606,1864,1,0
3831,23,1865,1,0
3832,330,1866,1,0
3833,611,1867,1,0
3834,801,1831,1,0
3835,333,1830,1,0
3836,861,1830,1,0
3837,503,1830,1,0
3838,792,1047,1,0
3839,790,1691,1,0
3840,215,1868,1,0
3841,847,1149,1,0
3842,858,1149,1,0
3843,873,1149,1,0
3844,861,1824,1,0
3845,874,1869,1,0
3846,838,1127,1,0
3847,816,1305,1,0
3848,849,1305,1,0
3849,803,1305,1,0
3850,841,1305,1,0
3851,595,1870,1,0
3852,792,1049,1,0
3853,875,1214,1,0
3854,876,1242,1,0
3855,788,1242,1,0
3856,773,1356,1,0
3857,861,1356,1,0
3858,877,1356,1,0
3859,845,1356,1,0
3860,878,1356,1,0
3861,837,1344,1,0
3862,785,1344,1,0
3863,785,1132,1,0
3864,807,1871,1,0
3865,836,1069,1,0
3866,875,1192,1,0
3867,790,1192,1,0
3868,790,1116,1,0
3869,862,1116,1,0
3870,879,1116,1,0
3871,880,1872,1,0
3872,773,1833,1,0
3873,790,1117,1,0
3874,881,1375,1,0
3875,882,1873,1,0
3876,849,1078,1,0
3877,803,1078,1,0
3878,841,1078,1,0
3879,846,1078,1,0
3880,785,1078,1,0
3881,790,1553,1,0
3882,802,1553,1,0
3883,794,1654,1,0
3884,790,1580,1,0
3885,883,1182,1,0
3886,884,1367,1,0
3887,885,1874,1,0
3888,820,1407,1,0
3889,860,1790,1,0
3890,640,1811,1,0
3891,640,1810,1,0
3892,861,1378,1,0
3893,886,1573,1,0
3894,816,1875,1,0
3895,790,1876,1,0
3896,820,1408,1,0
3897,802,1541,1,0
3898,887,1541,1,0
3899,807,1838,1,0
3900,888,1877,1,0
3901,820,1549,1,0
3902,889,1512,1,0
3903,890,1512,1,0
3904,494,1840,1,0
3905,452,1840,1,0
3906,888,1829,1,0
3907,891,1369,1,0
3908,783,1406,1,0
3909,851,1509,1,0
3910,488,1825,1,0
3911,406,1825,1,0
3912,773,1511,1,0
3913,860,1159,1,0
3914,103,1878,1,0
3915,800,1878,1,0
3916,864,1244,1,0
3917,519,1879,1,0
3918,491,1818,1,0
3919,460,1818,1,0
3920,477,1832,1,0
3921,752,1832,1,0
3922,452,1832,1,0
3923,858,1162,1,0
3924,892,1354,1,0
3925,893,1880,1,0
3926,894,1881,1,0
3927,861,1136,1,0
3928,895,1039,1,0
3929,896,1573,1,0
3930,897,1103,1,0
3931,5,1838,1,0
3932,5,1882,1,0
3933,389,1883,1,0
3934,452,1884,1,0
3935,453,1885,1,0
3936,453,1884,1,0
3937,477,1840,1,0
3938,898,1886,1,0
3939,898,1887,1,0
3940,872,1706,1,0
3941,868,1706,1,0
3942,770,1286,1,0
3943,860,1286,1,0
3944,148,1888,1,0
3945,899,1888,1,0
3946,900,1889,1,0
3947,181,1888,1,0
3948,272,1818,1,0
3949,901,1800,1,0
3950,81,1793,1,0
3951,902,1474,1,0
3952,785,1092,1,0
3953,781,1406,1,0
3954,848,1264,1,0
3955,903,1890,1,0
3956,371,1891,1,0
3957,904,1885,1,0
3958,904,1892,1,0
3959,323,1893,1,0
3960,648,1893,1,0
3961,651,1893,1,0
3962,651,1894,1,0
3963,651,1799,1,0
3964,650,1893,1,0
3965,828,1895,1,0
3966,905,1896,1,0
3967,881,1068,1,0
3968,906,1897,1,0
3969,907,1795,1,0
3970,692,1785,1,0
3971,819,1096,1,0
3972,166,1884,1,0
3973,830,1444,1,0
3974,908,1898,1,0
3975,908,1158,1,0
3976,807,1899,1,0
3977,525,1900,1,0
3978,876,1040,1,0
3979,909,1901,1,0
3980,850,1902,1,0
3981,910,1903,1,0
3982,858,1166,1,0
3983,492,1837,1,0
3984,911,1904,1,0
3985,912,1905,1,0
3986,913,1087,1,0
3987,913,1906,1,0
3988,914,1046,1,0
3989,915,1907,1,0
3990,911,1908,1,0
3991,916,1908,1,0
3992,917,1908,1,0
3993,911,1909,1,0
3994,916,1909,1,0
3995,917,1909,1,0
3996,911,1910,1,0
3997,916,1910,1,0
3998,917,1910,1,0
3999,911,1911,1,0
4000,916,1911,1,0
4001,917,1911,1,0
4002,911,1912,1,0
4003,916,1912,1,0
4004,917,1912,1,0
4005,802,1821,1,0
4006,917,1120,1,0
4007,911,1120,1,0
4008,916,1120,1,0
4009,918,1162,1,0
4010,919,1880,1,0
4011,920,1077,1,0
4012,920,1182,1,0
4013,868,1913,1,0
4014,776,1137,1,0
4015,802,1540,1,0
4016,372,1880,1,0
4017,921,1116,1,0
4018,916,1116,1,0
4019,917,1116,1,0
4020,911,1573,1,0
4021,916,1573,1,0
4022,917,1573,1,0
4023,776,1162,1,0
4024,802,1914,1,0
4025,389,1915,1,0
4026,922,1573,1,0
4027,923,1182,1,0
4028,923,1077,1,0
4029,798,1117,1,0
4030,798,1119,1,0
4031,798,1120,1,0
4032,924,1182,1,0
4033,924,1661,1,0
4034,765,1237,1,0
4035,925,1356,1,0
4036,925,1850,1,0
4037,824,1203,1,0
4038,926,1271,1,0
4039,926,1397,1,0
4040,926,1202,1,0
4041,826,1304,1,0
4042,332,1907,1,0
4043,332,1829,1,0
4044,896,1916,1,0
4045,827,1369,1,0
4046,827,1182,1,0
4047,795,1117,1,0
4048,795,1119,1,0
4049,795,1120,1,0
4050,125,1917,1,0
4051,444,1818,1,0
4052,927,1734,1,0
4053,927,1918,1,0
4054,828,1167,1,0
4055,829,1124,1,0
4056,829,1067,1,0
4057,818,1818,1,0
4058,818,1512,1,0
4059,389,1789,1,0
4060,830,1304,1,0
4061,703,1881,1,0
4062,95,1919,1,0
4063,928,1920,1,0
4064,417,1907,1,0
4065,929,1812,1,0
4066,930,1897,1,0
4067,453,1840,1,0
4068,299,1921,1,0
4069,89,1922,1,0
4070,764,1085,1,0
4071,770,1119,1,0
4072,770,1120,1,0
4073,770,1117,1,0
4074,770,1923,1,0
4075,770,1214,1,0
4076,510,1907,1,0
4077,931,1924,1,0
4078,931,1925,1,0
4079,931,1926,1,0
4080,931,1927,1,0
4081,931,1872,1,0
4082,931,1674,1,0
4083,931,1914,1,0
4084,931,1928,1,0
4085,931,1929,1,0
4086,931,1930,1,0
4087,931,1931,1,0
4088,931,1932,1,0
4089,932,1933,1,0
4090,373,1934,1,0
4091,373,1880,1,0
4092,933,1194,1,0
4093,933,1406,1,0
4094,833,1159,1,0
4095,482,1840,1,0
4096,934,1907,1,0
4097,934,1198,1,0
4098,935,1935,1,0
4099,834,1155,1,0
4100,6,1936,1,0
4101,6,1937,1,0
4102,6,1888,1,0
4103,6,1938,1,0
4104,936,1248,1,0
4105,937,1880,1,0
4106,835,1039,1,0
4107,938,1297,1,0
4108,938,1298,1,0
4109,938,1333,1,0
4110,938,1334,1,0
4111,243,1839,1,0
4112,532,1939,1,0
4113,35,1829,1,0
4114,939,1829,1,0
4115,229,1818,1,0
4116,331,1829,1,0
4117,331,1834,1,0
4118,940,1940,1,0
4119,165,1793,1,0
4120,837,1039,1,0
4121,837,1038,1,0
4122,941,1607,1,0
4123,941,1941,1,0
4124,941,1942,1,0
4125,942,1735,1,0
4126,942,1943,1,0
4127,942,1734,1,0
4128,916,1944,1,0
4129,916,1945,1,0
4130,916,1946,1,0
4131,916,1352,1,0
4132,916,1947,1,0
4133,916,1948,1,0
4134,916,1949,1,0
4135,916,1272,1,0
4136,916,1950,1,0
4137,916,1951,1,0
4138,880,1880,1,0
4139,880,1952,1,0
4140,596,1953,1,0
4141,943,1856,1,0
4142,944,1343,1,0
4143,945,1954,1,0
4144,681,1907,1,0
4145,450,1955,1,0
4146,917,1944,1,0
4147,917,1945,1,0
4148,917,1956,1,0
4149,917,1920,1,0
4150,917,1352,1,0
4151,917,1947,1,0
4152,917,1949,1,0
4153,917,1272,1,0
4154,917,1901,1,0
4155,917,1950,1,0
4156,917,1951,1,0
4157,580,1957,1,0
4158,391,1958,1,0
4159,946,1137,1,0
4160,947,1959,1,0
4161,947,1920,1,0
4162,947,1960,1,0
4163,947,1162,1,0
4164,947,1137,1,0
4165,769,1120,1,0
4166,769,1119,1,0
4167,948,1203,1,0
4168,948,1202,1,0
4169,949,1526,1,0
4170,949,1437,1,0
4171,904,1907,1,0
4172,52,1907,1,0
4173,797,1961,1,0
4174,879,1962,1,0
4175,950,1935,1,0
4176,604,1963,1,0
4177,951,1964,1,0
4178,951,1965,1,0
4179,952,1165,1,0
4180,952,1966,1,0
4181,952,1162,1,0
4182,952,1164,1,0
4183,700,1847,1,0
4184,913,1880,1,0
4185,595,1967,1,0
4186,595,1952,1,0
4187,595,1968,1,0
4188,953,1162,1,0
4189,841,1077,1,0
4190,803,1369,1,0
4191,803,1753,1,0
4192,803,1969,1,0
4193,954,1940,1,0
4194,844,1840,1,0
4195,844,1482,1,0
4196,844,1468,1,0
4197,816,1970,1,0
4198,845,1039,1,0
4199,955,1950,1,0
4200,955,1852,1,0
4201,790,1971,1,0
4202,790,1972,1,0
4203,790,1494,1,0
4204,790,1973,1,0
4205,790,1412,1,0
4206,790,1608,1,0
4207,790,1974,1,0
4208,790,1975,1,0
4209,956,1976,1,0
4210,957,1039,1,0
4211,418,1842,1,0
4212,884,1039,1,0
4213,325,1977,1,0
4214,792,1039,1,0
4215,847,1164,1,0
4216,958,1793,1,0
4217,958,1978,1,0
4218,959,1915,1,0
4219,862,1077,1,0
4220,849,1077,1,0
4221,807,1979,1,0
4222,241,1881,1,0
4223,557,1980,1,0
4224,127,1981,1,0
4225,776,1165,1,0
4226,776,1495,1,0
4227,776,1071,1,0
4228,215,1783,1,0
4229,785,1077,1,0
4230,911,1944,1,0
4231,911,1982,1,0
4232,911,1789,1,0
4233,911,1983,1,0
4234,911,1612,1,0
4235,911,1846,1,0
4236,911,1542,1,0
4237,911,1546,1,0
4238,911,1920,1,0
4239,911,1559,1,0
4240,911,1947,1,0
4241,911,1949,1,0
4242,911,1984,1,0
4243,911,1951,1,0
4244,960,1464,1,0
4245,961,1983,1,0
4246,962,1985,1,0
4247,437,1783,1,0
4248,852,1079,1,0
4249,852,1774,1,0
4250,888,1986,1,0
4251,766,1229,1,0
4252,766,1237,1,0
4253,333,1987,1,0
4254,333,1988,1,0
4255,333,1879,1,0
4256,78,1989,1,0
4257,802,1559,1,0
4258,802,1975,1,0
4259,857,1304,1,0
4260,857,1436,1,0
4261,963,1984,1,0
4262,773,1304,1,0
4263,773,1136,1,0
4264,773,1068,1,0
4265,889,1304,1,0
4266,964,1203,1,0
4267,964,1202,1,0
4268,965,1437,1,0
4269,966,1990,1,0
4270,242,1839,1,0
4271,1,1991,1,0
4272,166,1992,1,0
4273,967,1134,1,0
4274,383,1993,1,0
4275,968,1994,1,0
4276,969,1995,1,0
4277,970,1437,1,0
4278,912,1860,1,0
4279,971,1860,1,0
4280,773,1296,1,0
4281,972,1296,1,0
4282,785,1296,1,0
4283,850,1113,1,0
4284,911,1564,1,0
4285,764,1089,1,0
4286,916,1996,1,0
4287,973,1996,1,0
4288,911,1996,1,0
4289,917,1996,1,0
4290,807,1129,1,0
4291,819,1129,1,0
4292,661,1997,1,0
4293,974,1998,1,0
4294,975,1240,1,0
4295,400,1795,1,0
4296,296,1806,1,0
4297,934,1197,1,0
4298,875,1040,1,0
4299,952,1040,1,0
4300,976,1364,1,0
4301,790,1999,1,0
4302,772,1922,1,0
4303,22,1922,1,0
4304,913,1922,1,0
4305,921,1922,1,0
4306,977,2000,1,0
4307,655,1830,1,0
4308,800,1830,1,0
4309,333,2001,1,0
4310,941,1452,1,0
4311,230,1868,1,0
4312,911,2002,1,0
4313,358,1919,1,0
4314,43,1919,1,0
4315,776,1149,1,0
4316,952,1149,1,0
4317,978,1824,1,0
4318,491,1824,1,0
4319,820,2003,1,0
4320,911,1558,1,0
4321,916,2004,1,0
4322,911,2004,1,0
4323,917,2004,1,0
4324,911,2005,1,0
4325,331,1812,1,0
4326,979,2006,1,0
4327,980,1870,1,0
4328,949,1356,1,0
4329,875,1356,1,0
4330,981,1356,1,0
4331,970,1356,1,0
4332,965,1356,1,0
4333,813,1132,1,0
4334,852,1069,1,0
4335,328,2007,1,0
4336,916,2008,1,0
4337,53,2008,1,0
4338,974,2008,1,0
4339,911,2008,1,0
4340,917,2008,1,0
4341,447,1794,1,0
4342,797,1192,1,0
4343,952,1508,1,0
4344,952,1124,1,0
4345,862,1124,1,0
4346,857,2009,1,0
4347,982,1595,1,0
4348,968,1595,1,0
4349,911,1557,1,0
4350,690,1921,1,0
4351,528,1921,1,0
4352,797,1116,1,0
4353,775,1116,1,0
4354,911,1872,1,0
4355,806,1820,1,0
4356,983,1833,1,0
4357,769,1117,1,0
4358,922,1375,1,0
4359,846,1183,1,0
4360,523,2010,1,0
4361,847,2010,1,0
4362,802,1946,1,0
4363,790,1946,1,0
4364,917,1946,1,0
4365,491,2011,1,0
4366,773,1078,1,0
4367,802,2012,1,0
4368,790,2012,1,0
4369,773,1182,1,0
4370,922,1182,1,0
4371,785,1182,1,0
4372,984,2013,1,0
4373,974,2014,1,0
4374,970,1526,1,0
4375,965,1526,1,0
4376,790,1524,1,0
4377,911,1272,1,0
4378,790,2015,1,0
4379,911,1352,1,0
4380,985,2016,1,0
4381,966,2017,1,0
4382,911,1950,1,0
4383,986,2018,1,0
4384,911,1541,1,0
4385,911,2019,1,0
4386,672,1840,1,0
4387,112,2020,1,0
4388,272,1829,1,0
4389,707,1977,1,0
4390,22,1906,1,0
4391,966,2021,1,0
4392,911,1945,1,0
4393,968,2022,1,0
4394,911,1087,1,0
4395,987,2023,1,0
4396,871,1789,1,0
4397,988,1960,1,0
4398,350,1783,1,0
4399,475,1783,1,0
4400,354,1783,1,0
4401,351,1783,1,0
4402,989,1783,1,0
4403,857,1165,1,0
4404,822,1165,1,0
4405,872,1159,1,0
4406,802,1848,1,0
4407,990,2024,1,0
4408,503,1879,1,0
4409,535,1818,1,0
4410,230,1818,1,0
4411,980,1162,1,0
4412,974,2025,1,0
4413,800,1901,1,0
4414,506,2026,1,0
4415,991,1984,1,0
4416,53,1984,1,0
4417,918,1966,1,0
4418,992,1136,1,0
4419,990,2027,1,0
4420,22,2028,1,0
4421,918,1166,1,0
4422,993,1202,1,0
4423,540,1954,1,0
4424,993,1203,1,0
4425,103,1993,1,0
4426,672,1993,1,0
4427,472,1967,1,0
4428,994,1848,1,0
4429,994,1916,1,0
4430,994,1490,1,0
4431,877,2029,1,0
4432,994,2030,1,0
4433,551,1482,1,0
4434,968,1116,1,0
4435,995,1514,1,0
4436,996,1341,1,0
4437,595,2031,1,0
4438,595,2032,1,0
4439,997,2033,1,0
4440,595,2034,1,0
4441,595,2035,1,0
4442,478,1783,1,0
4443,757,1782,1,0
4444,717,2036,1,0
4445,896,1243,1,0
4446,700,1818,1,0
4447,491,2037,1,0
4448,490,1818,1,0
4449,490,2037,1,0
4450,860,1148,1,0
4451,975,1447,1,0
4452,545,2038,1,0
4453,545,2039,1,0
4454,545,1934,1,0
4455,545,2040,1,0
4456,545,2041,1,0
4457,436,2038,1,0
4458,436,2039,1,0
4459,436,1934,1,0
4460,436,1837,1,0
4461,298,2042,1,0
4462,298,2043,1,0
4463,998,1369,1,0
4464,800,2044,1,0
4465,490,2045,1,0
4466,441,1524,1,0
4467,999,1458,1,0
4468,655,1214,1,0
4469,484,1783,1,0
4470,418,1062,1,0
4471,727,1705,1,0
4472,828,2046,1,0
4473,1000,1134,1,0
4474,851,1356,1,0
4475,344,1124,1,0
4476,828,2047,1,0
4477,1001,2048,1,0
4478,1002,1783,1,0
4479,1003,2049,1,0
4480,828,2050,1,0
4481,404,1077,1,0
4482,103,2051,1,0
4483,484,1861,1,0
4484,503,1124,1,0
4485,720,1111,1,0
4486,531,2052,1,0
4487,4,2053,1,0
4488,78,1603,1,0
4489,1001,2054,1,0
4490,508,1067,1,0
4491,1001,1845,1,0
4492,1004,2055,1,0
4493,494,1091,1,0
4494,1005,2030,1,0
4495,21,1091,1,0
4496,1001,1216,1,0
4497,1001,1217,1,0
4498,281,1464,1,0
4499,1006,2056,1,0
4500,1007,1743,1,0
4501,386,2057,1,0
4502,1006,2058,1,0
4503,61,1067,1,0
4504,1008,1252,1,0
4505,1009,2059,1,0
4506,1010,1091,1,0
4507,146,1135,1,0
4508,354,2060,1,0
4509,699,1813,1,0
4510,1009,2061,1,0
4511,727,1175,1,0
4512,828,1063,1,0
4513,727,1352,1,0
4514,1000,2062,1,0
4515,720,1102,1,0
4516,1011,2047,1,0
4517,976,2063,1,0
4518,422,1077,1,0
4519,78,1793,1,0
4520,324,1734,1,0
4521,1011,1890,1,0
4522,524,2064,1,0
4523,89,2065,1,0
4524,1006,1111,1,0
4525,292,1111,1,0
4526,321,1083,1,0
4527,1012,1453,1,0
4528,415,1861,1,0
4529,1003,2062,1,0
4530,472,1039,1,0
4531,164,1063,1,0
4532,837,1362,1,0
4533,1013,1202,1,0
4534,1001,1795,1,0
4535,333,1124,1,0
4536,1014,1744,1,0
4537,1015,1970,1,0
4538,1013,1832,1,0
4539,112,2066,1,0
4540,217,1079,1,0
4541,1001,2067,1,0
4542,720,2058,1,0
4543,347,2064,1,0
4544,1004,1890,1,0
4545,1006,1102,1,0
4546,1015,1875,1,0
4547,476,1832,1,0
4548,4,1464,1,0
4549,1004,2046,1,0
4550,331,1063,1,0
4551,1001,1137,1,0
4552,453,2057,1,0
4553,4,2068,1,0
4554,1016,2062,1,0
4555,616,1813,1,0
4556,382,1162,1,0
4557,1011,2069,1,0
4558,655,1378,1,0
4559,1015,2063,1,0
4560,613,1068,1,0
4561,1017,1244,1,0
4562,1001,2070,1,0
4563,1018,1554,1,0
4564,4,2067,1,0
4565,217,1068,1,0
4566,711,2071,1,0
4567,828,2072,1,0
4568,1019,1134,1,0
4569,1008,1845,1,0
4570,912,1928,1,0
4571,637,2064,1,0
4572,841,1753,1,0
4573,655,1154,1,0
4574,164,2007,1,0
4575,403,2073,1,0
4576,464,2074,1,0
4577,1006,2075,1,0
4578,72,2076,1,0
4579,496,1781,1,0
4580,475,1861,1,0
4581,1001,1058,1,0
4582,613,1078,1,0
4583,351,2060,1,0
4584,1020,1464,1,0
4585,1021,2077,1,0
4586,1022,1198,1,0
4587,1023,1202,1,0
4588,1024,1240,1,0
4589,1025,2070,1,0
4590,1004,2078,1,0
4591,1026,1342,1,0
4592,345,1240,1,0
4593,1027,2062,1,0
4594,489,1056,1,0
4595,217,1069,1,0
4596,332,2079,1,0
4597,524,1438,1,0
4598,1004,2047,1,0
4599,1008,2077,1,0
4600,1028,1124,1,0
4601,460,1783,1,0
4602,1001,2080,1,0
4603,1026,1073,1,0
4604,347,1438,1,0
4605,875,1343,1,0
4606,1004,1063,1,0
4607,808,1315,1,0
4608,871,2081,1,0
4609,1005,1490,1,0
4610,1029,1832,1,0
4611,389,1062,1,0
4612,740,1824,1,0
4613,875,1489,1,0
4614,976,1875,1,0
4615,352,1783,1,0
4616,146,2082,1,0
4617,1006,1352,1,0
4618,828,1458,1,0
4619,1030,1914,1,0
4620,306,1298,1,0
4621,828,1137,1,0
4622,1004,2067,1,0
4623,557,2055,1,0
4624,360,1148,1,0
4625,1031,2067,1,0
4626,496,2083,1,0
4627,1005,1848,1,0
4628,976,1970,1,0
4629,313,1200,1,0
4630,875,2084,1,0
4631,368,1675,1,0
4632,1006,1056,1,0
4633,871,1040,1,0
4634,350,1861,1,0
4635,1004,1137,1,0
4636,1027,1134,1,0
4637,405,1354,1,0
4638,1000,1058,1,0
4639,316,2062,1,0
4640,269,1550,1,0
4641,402,1759,1,0
4642,1001,2085,1,0
4643,426,1861,1,0
4644,1032,1514,1,0
4645,875,1492,1,0
4646,61,1116,1,0
4647,112,2080,1,0
4648,269,1155,1,0
4649,1025,1095,1,0
4650,1008,2086,1,0
4651,617,1733,1,0
4652,616,1733,1,0
4653,1006,1300,1,0
4654,276,2055,1,0
4655,337,2087,1,0
4656,875,1063,1,0
4657,95,1448,1,0
4658,720,1352,1,0
4659,354,1526,1,0
4660,405,1380,1,0
4661,476,1491,1,0
4662,828,2078,1,0
4663,1002,1861,1,0
4664,1006,2088,1,0
4665,1033,2085,1,0
4666,851,1355,1,0
4667,699,1733,1,0
4668,1034,1344,1,0
4669,1035,1440,1,0
4670,586,1182,1,0
4671,860,1284,1,0
4672,477,1198,1,0
4673,1027,2089,1,0
4674,420,2073,1,0
4675,496,1396,1,0
4676,1005,1916,1,0
4677,878,1705,1,0
4678,321,1111,1,0
4679,613,1079,1,0
4680,62,2090,1,0
4681,994,2091,1,0
4682,775,1772,1,0
4683,704,2092,1,0
4684,99,1116,1,0
4685,46,2073,1,0
4686,428,2073,1,0
4687,1036,1047,1,0
4688,1036,1049,1,0
4689,1036,1046,1,0
4690,1036,1048,1,0
4691,495,2093,1,0
4692,313,2094,1,0
4693,510,2094,1,0
4694,417,2094,1,0
4695,477,2094,1,0
4696,452,2094,1,0
4697,324,2094,1,0
4698,46,1594,1,0
4699,733,2009,1,0
4700,733,2095,1,0
