,Src,Dst,edge_type,Weight
26,0,809,0,1
38,1,810,0,1
76,1,811,0,1
94,2,812,0,1
96,3,812,0,1
105,1,813,0,1
106,2,813,0,1
113,3,813,0,1
155,0,814,0,1
171,4,815,0,1
172,5,815,0,1
241,6,816,0,1
243,7,817,0,1
311,8,818,0,1
392,9,819,0,1
466,10,815,0,1
485,11,815,0,1
504,12,820,0,1
606,9,821,0,1
685,13,822,0,1
705,9,823,0,1
716,14,824,0,1
768,9,825,0,1
770,9,826,0,1
801,9,827,0,1
816,9,828,0,1
817,9,829,0,1
818,9,830,0,1
825,9,831,0,1
834,15,832,0,1
836,16,833,0,1
837,0,834,0,1
848,9,835,0,1
851,9,836,0,1
854,9,837,0,1
858,9,838,0,1
860,9,839,0,1
874,17,840,0,1
877,18,841,0,1
902,19,842,0,1
915,20,843,0,1
968,21,844,0,1
993,16,845,0,1
998,22,846,0,1
1001,23,847,0,1
1003,24,848,0,1
1005,22,816,0,1
1043,9,849,0,1
1060,9,850,0,1
1121,9,851,0,1
1123,9,852,0,1
1132,9,853,0,1
1134,9,854,0,1
1136,9,855,0,1
1155,9,856,0,1
1157,9,857,0,1
1158,9,858,0,1
1167,9,859,0,1
1202,9,841,0,1
1204,9,860,0,1
1205,9,861,0,1
1207,9,862,0,1
1264,9,863,0,1
1359,25,840,0,1
1361,26,840,0,1
1363,27,840,0,1
1364,28,864,0,1
1456,29,825,0,1
1472,30,865,0,1
1483,9,866,0,1
1517,9,867,0,1
1532,9,868,0,1
1533,9,869,0,1
1534,9,870,0,1
1634,31,871,0,1
1636,31,872,0,1
1637,14,873,0,1
1736,32,874,0,1
1739,33,875,0,1
1789,34,876,0,1
1792,35,877,0,1
1793,36,878,0,1
1794,37,879,0,1
1796,38,876,0,1
1813,9,880,0,1
1816,39,820,0,1
1830,2,881,0,1
1834,2,816,0,1
1850,40,882,0,1
1936,41,883,0,1
1977,42,884,0,1
1979,43,885,0,1
1981,42,886,0,1
2057,44,814,0,1
2059,45,814,0,1
2061,46,814,0,1
2222,12,825,0,1
2254,47,887,0,1
2257,47,888,0,1
2261,48,848,0,1
2282,48,889,0,1
2496,49,890,0,1
2498,50,891,0,1
2593,1,892,0,1
2596,1,893,0,1
2799,1,889,0,1
2801,1,894,0,1
2878,48,895,0,1
2881,48,884,0,1
2963,51,880,0,1
3129,52,896,0,1
3159,48,897,0,1
3162,52,825,0,1
3220,1,898,0,1
3366,52,899,0,1
3378,53,884,0,1
3385,53,886,0,1
3390,48,900,0,1
3403,48,886,0,1
3431,1,901,0,1
3435,1,902,0,1
3448,52,903,0,1
3449,48,903,0,1
3512,9,904,0,1
3532,9,905,0,1
3556,9,906,0,1
3586,1,907,0,1
3731,54,908,0,1
3774,9,909,0,1
3855,55,910,0,1
3858,55,911,0,1
3995,9,912,0,1
4060,9,913,0,1
4079,9,914,0,1
4081,48,908,0,1
4085,9,915,0,1
4391,56,916,0,1
4488,57,917,0,1
4491,58,918,0,1
4514,9,919,0,1
4518,59,854,0,1
4623,60,920,0,1
4624,61,921,0,1
4671,62,881,0,1
4805,9,922,0,1
4816,9,923,0,1
4834,9,924,0,1
4839,63,925,0,1
4840,64,866,0,1
4841,65,924,0,1
4842,18,915,0,1
4845,18,913,0,1
4847,18,860,0,1
4852,19,926,0,1
4868,60,879,0,1
4869,19,921,0,1
4893,66,927,0,1
4894,67,927,0,1
4895,68,927,0,1
5025,55,928,0,1
5146,14,929,0,1
5305,69,930,0,1
5336,11,891,0,1
5338,11,931,0,1
5345,70,872,0,1
5346,70,871,0,1
5348,71,932,0,1
5369,66,933,0,1
5371,72,934,0,1
5378,53,899,0,1
5383,4,891,0,1
5385,4,931,0,1
5394,52,935,0,1
5406,10,871,0,1
5413,10,936,0,1
5417,73,937,0,1
5421,28,938,0,1
5440,69,820,0,1
5448,74,939,0,1
5450,74,940,0,1
5496,75,940,0,1
5498,75,939,0,1
5507,75,941,0,1
5522,1,942,0,1
5525,76,936,0,1
5607,31,943,0,1
5611,1,899,0,1
5643,76,944,0,1
5661,1,945,0,1
5669,77,944,0,1
5670,78,944,0,1
5671,14,944,0,1
5707,71,946,0,1
5711,79,825,0,1
5722,31,947,0,1
5727,32,894,0,1
5759,80,865,0,1
5776,81,873,0,1
5789,52,930,0,1
5793,82,948,0,1
5795,82,895,0,1
5797,82,949,0,1
5826,47,833,0,1
5832,47,950,0,1
5840,48,951,0,1
5849,47,952,0,1
5850,67,933,0,1
5853,47,953,0,1
5855,83,901,0,1
5856,83,902,0,1
5881,84,815,0,1
5892,52,902,0,1
5951,47,954,0,1
5956,85,903,0,1
5967,48,825,0,1
5977,42,814,0,1
5987,86,903,0,1
5988,47,903,0,1
6019,76,871,0,1
6029,87,891,0,1
6030,87,815,0,1
6031,80,955,0,1
6049,73,956,0,1
6055,88,884,0,1
6061,42,948,0,1
6079,89,957,0,1
6091,90,948,0,1
6106,68,933,0,1
6116,91,955,0,1
6130,52,958,0,1
6136,41,959,0,1
6197,85,960,0,1
6200,92,961,0,1
6219,52,848,0,1
6220,93,962,0,1
6237,94,963,0,1
6245,66,964,0,1
6255,1,965,0,1
6261,47,966,0,1
6278,47,901,0,1
6279,47,902,0,1
6282,1,848,0,1
6283,52,901,0,1
6321,95,962,0,1
6330,1,961,0,1
6331,53,967,0,1
6339,30,955,0,1
6341,42,968,0,1
6350,10,872,0,1
6355,53,901,0,1
6356,71,939,0,1
6358,71,940,0,1
6359,96,969,0,1
6360,71,941,0,1
6364,1,903,0,1
6381,90,970,0,1
6401,5,891,0,1
6403,5,931,0,1
6420,48,945,0,1
6426,47,814,0,1
6431,97,971,0,1
6445,47,937,0,1
6447,69,814,0,1
6458,91,865,0,1
6469,61,972,0,1
6476,47,973,0,1
6489,98,974,0,1
6491,99,975,0,1
6492,99,976,0,1
6517,100,977,0,1
6519,101,977,0,1
6522,49,978,0,1
6524,102,884,0,1
6529,48,942,0,1
6534,103,979,0,1
6535,104,979,0,1
6536,104,980,0,1
6542,105,981,0,1
6543,21,982,0,1
6546,105,930,0,1
6547,106,983,0,1
6552,105,984,0,1
6555,52,814,0,1
6556,62,816,0,1
6558,107,985,0,1
6567,108,981,0,1
6568,109,981,0,1
6569,108,986,0,1
6570,109,986,0,1
6571,110,987,0,1
6574,52,884,0,1
6579,111,988,0,1
6581,39,988,0,1
6624,66,989,0,1
6625,112,990,0,1
6626,113,991,0,1
6633,114,825,0,1
6635,115,825,0,1
6637,116,988,0,1
6645,109,992,0,1
6663,117,814,0,1
6664,109,884,0,1
6666,118,815,0,1
6667,53,983,0,1
6669,14,882,0,1
6670,119,985,0,1
6671,120,864,0,1
6699,97,815,0,1
6714,66,993,0,1
6720,119,994,0,1
6726,105,986,0,1
6727,102,992,0,1
6746,105,843,0,1
6764,121,825,0,1
6780,48,814,0,1
6781,121,995,0,1
6782,121,820,0,1
6783,121,988,0,1
6784,122,864,0,1
6785,123,996,0,1
6786,124,996,0,1
6792,125,997,0,1
6794,126,998,0,1
6801,127,999,0,1
6803,128,999,0,1
6805,129,999,0,1
6806,100,999,0,1
6808,128,977,0,1
6810,129,977,0,1
6813,130,977,0,1
6814,131,977,0,1
6820,66,1000,0,1
6829,132,1001,0,1
6830,133,1001,0,1
6831,134,1002,0,1
6832,15,1002,0,1
6833,135,1002,0,1
6834,132,1002,0,1
6835,133,1002,0,1
6837,136,1003,0,1
6849,137,864,0,1
6877,138,1004,0,1
6878,138,1005,0,1
6880,139,1004,0,1
6882,140,1004,0,1
6884,141,1006,0,1
6886,141,1007,0,1
6888,142,1007,0,1
6890,143,1007,0,1
6892,144,1007,0,1
6894,145,1007,0,1
6897,146,1007,0,1
6898,147,1008,0,1
6899,148,1007,0,1
6903,149,1009,0,1
6907,150,1010,0,1
6909,151,826,0,1
6911,152,1011,0,1
6914,153,1012,0,1
6915,150,1013,0,1
6917,151,1013,0,1
6919,154,1013,0,1
6921,155,1013,0,1
6923,152,1013,0,1
6925,152,1014,0,1
6927,150,1015,0,1
6929,150,1016,0,1
6931,152,1016,0,1
6933,150,826,0,1
6935,150,1017,0,1
6938,152,1017,0,1
6939,150,1011,0,1
6941,156,1018,0,1
6948,157,1019,0,1
6951,158,1019,0,1
6953,159,1019,0,1
6960,160,1020,0,1
6962,160,1021,0,1
6966,161,1022,0,1
6998,93,1023,0,1
7032,46,930,0,1
7035,134,832,0,1
7042,40,872,0,1
7046,162,1024,0,1
7066,93,1025,0,1
7073,54,1026,0,1
7091,163,884,0,1
7097,164,1027,0,1
7100,114,820,0,1
7105,105,975,0,1
7118,52,886,0,1
7120,42,975,0,1
7127,163,992,0,1
7131,165,814,0,1
7135,166,995,0,1
7137,166,988,0,1
7142,167,1028,0,1
7144,39,995,0,1
7148,88,886,0,1
7157,111,825,0,1
7191,67,989,0,1
7193,68,989,0,1
7196,113,1029,0,1
7200,168,825,0,1
7201,168,988,0,1
7204,115,988,0,1
7213,44,992,0,1
7214,105,980,0,1
7215,44,884,0,1
7217,169,1030,0,1
7218,169,1031,0,1
7230,56,918,0,1
7231,57,918,0,1
7249,105,864,0,1
7250,69,992,0,1
7259,170,873,0,1
7272,29,820,0,1
7276,122,814,0,1
7277,122,992,0,1
7278,122,884,0,1
7305,52,816,0,1
7309,163,814,0,1
7313,118,891,0,1
7335,105,994,0,1
7354,48,968,0,1
7356,69,884,0,1
7366,171,865,0,1
7371,172,1032,0,1
7394,72,1033,0,1
7407,123,1034,0,1
7464,46,884,0,1
7479,129,998,0,1
7480,173,1035,0,1
7490,174,999,0,1
7492,175,999,0,1
7493,101,999,0,1
7495,176,977,0,1
7501,56,917,0,1
7502,58,917,0,1
7512,177,816,0,1
7524,178,981,0,1
7525,179,981,0,1
7526,180,832,0,1
7527,181,832,0,1
7528,182,832,0,1
7529,20,832,0,1
7530,178,986,0,1
7531,179,986,0,1
7532,180,1036,0,1
7533,181,1036,0,1
7534,182,1036,0,1
7535,135,1037,0,1
7536,132,1037,0,1
7537,133,1037,0,1
7539,15,1038,0,1
7540,46,992,0,1
7553,183,891,0,1
7556,184,815,0,1
7567,137,974,0,1
7571,177,1028,0,1
7579,71,1039,0,1
7581,71,1040,0,1
7614,52,1005,0,1
7622,185,1005,0,1
7627,186,1007,0,1
7629,187,1007,0,1
7631,188,1007,0,1
7633,189,1007,0,1
7634,190,1041,0,1
7635,147,1042,0,1
7647,191,1043,0,1
7662,192,1044,0,1
7664,1,1044,0,1
7669,193,1045,0,1
7674,154,1017,0,1
7675,155,1016,0,1
7678,194,1046,0,1
7680,156,1047,0,1
7686,150,1014,0,1
7688,151,1014,0,1
7690,154,1014,0,1
7692,155,1014,0,1
7694,151,1015,0,1
7697,154,1015,0,1
7699,155,1015,0,1
7701,152,1015,0,1
7703,155,826,0,1
7705,155,1017,0,1
7706,151,1011,0,1
7708,154,1011,0,1
7710,155,1011,0,1
7712,156,1046,0,1
7715,194,1047,0,1
7717,194,1012,0,1
7718,156,1012,0,1
7721,156,1017,0,1
7722,195,887,0,1
7723,195,967,0,1
7725,1,1016,0,1
7737,196,1012,0,1
7741,197,1048,0,1
7745,183,1048,0,1
7751,159,1049,0,1
7752,198,1019,0,1
7758,14,1050,0,1
7765,48,1051,0,1
7800,48,937,0,1
7848,0,901,0,1
7865,93,1052,0,1
7871,93,1053,0,1
7899,93,1054,0,1
7905,93,1055,0,1
7917,93,1056,0,1
7918,93,1057,0,1
7919,93,1058,0,1
7920,93,1059,0,1
7921,93,1060,0,1
7922,93,1061,0,1
7923,93,1062,0,1
7925,93,1063,0,1
7927,93,1064,0,1
7988,14,1065,0,1
8097,48,901,0,1
8098,48,902,0,1
8188,199,1066,0,1
8189,200,1066,0,1
8193,127,1067,0,1
8195,127,1035,0,1
8197,127,1068,0,1
8198,201,1067,0,1
8200,201,1035,0,1
8202,201,999,0,1
8204,201,1068,0,1
8206,202,1067,0,1
8207,202,1035,0,1
8208,202,999,0,1
8209,202,1068,0,1
8239,126,1069,0,1
8240,126,1030,0,1
8241,126,1031,0,1
8242,203,1070,0,1
8243,204,1070,0,1
8244,205,1071,0,1
8245,205,1072,0,1
8247,36,1073,0,1
8248,206,1074,0,1
8249,207,1075,0,1
8250,206,1075,0,1
8251,208,1076,0,1
8252,36,1076,0,1
8253,209,1069,0,1
8254,209,1067,0,1
8255,209,1030,0,1
8256,209,932,0,1
8257,209,1031,0,1
8258,209,999,0,1
8259,209,977,0,1
8261,100,1069,0,1
8262,100,1067,0,1
8264,100,1030,0,1
8266,100,932,0,1
8267,100,1031,0,1
8270,131,1069,0,1
8271,131,1067,0,1
8272,131,1030,0,1
8274,131,932,0,1
8275,131,1031,0,1
8276,131,999,0,1
8277,210,1069,0,1
8278,210,1067,0,1
8279,210,1030,0,1
8281,210,932,0,1
8282,210,1031,0,1
8283,210,999,0,1
8284,210,977,0,1
8286,129,1069,0,1
8287,129,1067,0,1
8289,129,1030,0,1
8291,129,932,0,1
8292,129,1031,0,1
8294,128,1069,0,1
8295,128,1067,0,1
8297,128,1030,0,1
8299,128,932,0,1
8300,128,1031,0,1
8302,211,1069,0,1
8303,211,1067,0,1
8304,211,1030,0,1
8305,211,932,0,1
8306,211,1031,0,1
8307,211,999,0,1
8308,211,977,0,1
8309,169,1069,0,1
8310,169,1067,0,1
8311,169,932,0,1
8312,169,999,0,1
8313,169,977,0,1
8314,212,1069,0,1
8315,212,1067,0,1
8316,212,1030,0,1
8317,212,932,0,1
8318,212,1031,0,1
8319,212,999,0,1
8320,212,977,0,1
8321,213,1077,0,1
8322,213,827,0,1
8327,214,1078,0,1
8328,215,1079,0,1
8329,214,1079,0,1
8330,216,1080,0,1
8331,26,1080,0,1
8332,217,1080,0,1
8333,218,1080,0,1
8334,219,1080,0,1
8335,220,1080,0,1
8336,25,1080,0,1
8337,221,1080,0,1
8338,27,1080,0,1
8341,216,1081,0,1
8342,222,1081,0,1
8343,7,1081,0,1
8344,221,1081,0,1
8345,26,1081,0,1
8346,223,1081,0,1
8347,224,1081,0,1
8348,225,1081,0,1
8362,226,1082,0,1
8363,227,1082,0,1
8364,223,840,0,1
8365,216,840,0,1
8366,217,840,0,1
8367,222,840,0,1
8368,7,840,0,1
8369,220,840,0,1
8370,221,840,0,1
8379,228,1083,0,1
8385,229,864,0,1
8386,229,1084,0,1
8387,229,974,0,1
8388,230,864,0,1
8389,230,1084,0,1
8390,230,974,0,1
8391,57,916,0,1
8392,58,916,0,1
8393,231,1085,0,1
8394,232,1085,0,1
8395,233,1085,0,1
8401,234,1086,0,1
8402,235,1086,0,1
8403,236,1087,0,1
8404,237,1087,0,1
8406,238,1087,0,1
8407,239,1087,0,1
8408,234,1087,0,1
8409,240,1087,0,1
8410,235,1087,0,1
8418,199,1088,0,1
8419,241,1089,0,1
8421,242,1090,0,1
8422,243,1091,0,1
8423,244,1091,0,1
8424,245,1091,0,1
8426,246,1092,0,1
8428,247,825,0,1
8429,248,825,0,1
8431,248,988,0,1
8433,249,1093,0,1
8434,250,1093,0,1
8435,251,1094,0,1
8436,252,1095,0,1
8438,253,1009,0,1
8441,254,1096,0,1
8442,255,1096,0,1
8444,138,1096,0,1
8445,256,875,0,1
8447,257,875,0,1
8453,76,934,0,1
8454,14,934,0,1
8455,258,1097,0,1
8456,259,1098,0,1
8457,258,1098,0,1
8458,259,1099,0,1
8459,258,1099,0,1
8461,260,1100,0,1
8466,261,1101,0,1
8467,262,1102,0,1
8469,263,928,0,1
8470,57,903,0,1
8471,58,903,0,1
8472,264,1069,0,1
8473,264,1067,0,1
8474,264,1030,0,1
8475,264,1035,0,1
8476,264,941,0,1
8477,264,999,0,1
8478,264,977,0,1
8479,264,1068,0,1
8480,265,1069,0,1
8481,265,1067,0,1
8482,265,1030,0,1
8483,265,1035,0,1
8484,265,941,0,1
8485,265,999,0,1
8486,265,977,0,1
8487,265,1068,0,1
8488,266,1069,0,1
8489,266,1067,0,1
8490,266,1030,0,1
8491,266,1035,0,1
8492,266,941,0,1
8493,266,999,0,1
8494,266,977,0,1
8495,266,1068,0,1
8496,267,1069,0,1
8497,267,1067,0,1
8498,267,1030,0,1
8499,267,1035,0,1
8500,267,941,0,1
8501,267,999,0,1
8502,267,977,0,1
8503,267,1068,0,1
8505,268,1069,0,1
8506,268,1067,0,1
8508,268,1030,0,1
8510,268,1035,0,1
8511,268,941,0,1
8512,268,999,0,1
8513,268,977,0,1
8515,268,1068,0,1
8516,269,980,0,1
8517,270,1103,0,1
8520,271,1103,0,1
8522,272,1104,0,1
8524,273,1105,0,1
8525,274,1105,0,1
8530,275,1106,0,1
8532,276,1106,0,1
8535,34,1107,0,1
8536,37,1107,0,1
8537,222,1108,0,1
8553,245,1109,0,1
8554,277,1110,0,1
8555,278,1111,0,1
8556,279,981,0,1
8557,279,986,0,1
8558,280,981,0,1
8559,280,986,0,1
8560,281,981,0,1
8561,281,986,0,1
8562,282,981,0,1
8563,282,986,0,1
8564,283,981,0,1
8565,283,986,0,1
8566,284,981,0,1
8567,284,986,0,1
8568,285,981,0,1
8569,285,986,0,1
8570,286,981,0,1
8571,286,986,0,1
8572,287,981,0,1
8573,287,986,0,1
8574,288,981,0,1
8575,288,986,0,1
8576,289,981,0,1
8577,289,986,0,1
8578,290,981,0,1
8579,290,986,0,1
8580,172,864,0,1
8581,107,1112,0,1
8582,291,985,0,1
8583,291,1112,0,1
8584,110,948,0,1
8585,110,895,0,1
8587,292,1113,0,1
8588,293,1114,0,1
8589,293,1113,0,1
8590,294,1115,0,1
8591,295,1114,0,1
8592,295,1113,0,1
8593,296,1116,0,1
8595,297,1116,0,1
8597,30,1117,0,1
8598,91,1117,0,1
8600,80,1117,0,1
8601,125,948,0,1
8602,15,1001,0,1
8603,291,994,0,1
8604,298,1113,0,1
8606,299,1113,0,1
8608,136,864,0,1
8609,300,864,0,1
8610,300,1003,0,1
8611,80,948,0,1
8612,80,949,0,1
8613,80,895,0,1
8614,301,1117,0,1
8615,301,1118,0,1
8617,302,1117,0,1
8619,303,1117,0,1
8621,179,1117,0,1
8623,304,1117,0,1
8625,43,948,0,1
8626,99,885,0,1
8627,43,975,0,1
8628,89,903,0,1
8629,92,948,0,1
8630,244,1119,0,1
8631,243,1119,0,1
8632,253,1120,0,1
8633,86,1121,0,1
8635,254,1120,0,1
8636,138,1120,0,1
8637,305,1122,0,1
8638,98,864,0,1
8639,124,864,0,1
8640,124,974,0,1
8641,306,1123,0,1
8642,307,1123,0,1
8643,308,1123,0,1
8644,309,1124,0,1
8645,309,1125,0,1
8646,243,1126,0,1
8647,243,1127,0,1
8648,310,1127,0,1
8649,243,1128,0,1
8650,310,1128,0,1
8651,243,1129,0,1
8652,310,1129,0,1
8653,311,1130,0,1
8654,244,1131,0,1
8655,245,1131,0,1
8664,192,959,0,1
8666,193,959,0,1
8668,312,959,0,1
8669,313,1132,0,1
8670,314,1132,0,1
8671,313,1133,0,1
8672,314,1133,0,1
8673,313,1134,0,1
8674,314,1134,0,1
8675,315,1135,0,1
8676,316,1135,0,1
8677,315,1136,0,1
8678,316,1136,0,1
8679,317,1137,0,1
8680,318,1138,0,1
8681,319,1138,0,1
8684,320,1139,0,1
8685,321,1139,0,1
8686,320,1140,0,1
8690,322,1141,0,1
8691,323,1141,0,1
8692,324,1142,0,1
8694,325,1143,0,1
8695,325,1144,0,1
8696,326,1145,0,1
8698,327,1145,0,1
8708,328,1146,0,1
8709,329,1146,0,1
8713,330,1147,0,1
8714,331,979,0,1
8715,332,979,0,1
8716,333,979,0,1
8717,334,1148,0,1
8718,335,1148,0,1
8719,336,1148,0,1
8720,335,1149,0,1
8721,337,1149,0,1
8724,338,1150,0,1
8740,339,1151,0,1
8741,340,1151,0,1
8742,339,1152,0,1
8743,340,1152,0,1
8744,339,1153,0,1
8745,340,1153,0,1
8746,339,1154,0,1
8747,340,1154,0,1
8748,339,1155,0,1
8749,340,1155,0,1
8751,36,1156,0,1
8752,106,961,0,1
8753,74,941,0,1
8755,306,1157,0,1
8756,341,1157,0,1
8757,37,920,0,1
8758,342,1158,0,1
8760,160,1159,0,1
8763,343,1160,0,1
8764,344,1160,0,1
8770,322,1161,0,1
8771,323,1161,0,1
8772,322,1162,0,1
8773,323,1162,0,1
8774,322,1163,0,1
8775,323,1163,0,1
8939,1,1164,0,1
8965,345,1165,0,1
8967,1,856,0,1
9083,52,1166,0,1
9183,346,1167,0,1
9208,347,944,0,1
9256,1,1168,0,1
9407,348,822,0,1
9415,1,1169,0,1
9423,1,1170,0,1
9456,1,966,0,1
9556,349,820,0,1
9591,350,822,0,1
9594,245,1119,0,1
9595,245,1137,0,1
9631,9,1171,0,1
9632,9,1172,0,1
9699,60,1173,0,1
9700,60,907,0,1
9712,253,907,0,1
9816,351,1174,0,1
9941,21,1175,0,1
9949,95,1176,0,1
9955,95,862,0,1
9959,95,1177,0,1
9971,352,1178,0,1
9972,353,1178,0,1
10007,354,1179,0,1
10008,355,1179,0,1
10009,356,1179,0,1
10010,357,1179,0,1
10011,352,1179,0,1
10012,358,1179,0,1
10013,359,1179,0,1
10014,360,1179,0,1
10015,361,1179,0,1
10016,362,1179,0,1
10017,363,1179,0,1
10018,364,1179,0,1
10019,353,1179,0,1
10020,365,1179,0,1
10021,366,1179,0,1
10022,354,1180,0,1
10023,355,1180,0,1
10024,356,1180,0,1
10025,357,1180,0,1
10026,352,1180,0,1
10027,358,1180,0,1
10028,359,1180,0,1
10029,360,1180,0,1
10030,361,1180,0,1
10031,362,1180,0,1
10032,363,1180,0,1
10033,364,1180,0,1
10034,353,1180,0,1
10035,365,1180,0,1
10036,366,1180,0,1
10067,19,1181,0,1
10072,9,1182,0,1
10100,105,884,0,1
10152,196,1014,0,1
10155,196,1047,0,1
10157,196,1183,0,1
10158,196,1184,0,1
10159,196,1185,0,1
10250,367,1186,0,1
10315,368,1187,0,1
10321,369,930,0,1
10324,370,1188,0,1
10328,190,930,0,1
10332,371,1188,0,1
10336,372,1188,0,1
10482,14,871,0,1
10484,72,871,0,1
10547,373,1189,0,1
10558,371,1190,0,1
10578,374,1033,0,1
10598,370,1191,0,1
10666,72,872,0,1
10712,375,1169,0,1
10739,368,1192,0,1
11179,142,1042,0,1
11676,376,1167,0,1
11678,14,1033,0,1
11920,377,1193,0,1
12079,378,1194,0,1
12087,379,1195,0,1
12184,8,887,0,1
12822,380,815,0,1
12857,50,815,0,1
12864,381,1196,0,1
13163,48,888,0,1
13326,1,1197,0,1
13513,370,1190,0,1
13515,382,1190,0,1
13520,372,1190,0,1
13805,64,1198,0,1
13816,367,1199,0,1
14109,383,1200,0,1
14118,52,887,0,1
14147,13,1200,0,1
14169,152,826,0,1
14172,1,1201,0,1
14735,76,1033,0,1
14895,384,1033,0,1
14923,130,1030,0,1
14931,77,872,0,1
14939,86,966,0,1
14957,240,1091,0,1
14959,76,872,0,1
15115,13,1202,0,1
15116,158,1049,0,1
15151,141,1042,0,1
15157,384,872,0,1
15177,113,872,0,1
15178,374,872,0,1
15181,385,1203,0,1
15523,386,977,0,1
15547,170,944,0,1
15549,383,1204,0,1
15553,339,1100,0,1
15555,10,944,0,1
15733,13,856,0,1
15759,387,815,0,1
16208,248,995,0,1
16379,388,1033,0,1
16392,389,1022,0,1
16611,54,887,0,1
16789,37,876,0,1
17095,254,1205,0,1
17243,390,1123,0,1
17293,391,901,0,1
17305,392,1206,0,1
17491,1,956,0,1
17735,393,866,0,1
17736,65,1207,0,1
18031,394,1087,0,1
18035,386,1030,0,1
18521,310,1208,0,1
18539,395,1209,0,1
18541,55,962,0,1
18564,86,856,0,1
19011,1,1210,0,1
19025,396,1211,0,1
19031,76,824,0,1
19209,397,882,0,1
19510,120,814,0,1
19511,348,1212,0,1
19538,310,1126,0,1
19896,81,872,0,1
19921,48,1120,0,1
19923,398,878,0,1
19932,52,1213,0,1
20180,399,1214,0,1
20183,48,887,0,1
20212,385,1196,0,1
20225,13,1040,0,1
20229,141,1095,0,1
20255,400,1215,0,1
20297,1,1216,0,1
20313,401,1217,0,1
20316,402,1218,0,1
20387,1,1219,0,1
20528,395,1033,0,1
20676,403,1209,0,1
20703,10,1033,0,1
21175,14,936,0,1
21179,48,881,0,1
22993,48,883,0,1
23027,404,1205,0,1
23067,7,1082,0,1
23231,405,1220,0,1
23272,13,1221,0,1
23280,9,1222,0,1
23440,1,1223,0,1
23466,406,1224,0,1
23637,1,1225,0,1
23644,1,1226,0,1
23663,236,1227,0,1
23688,9,1228,0,1
23976,378,1229,0,1
23986,33,1230,0,1
24002,105,1231,0,1
24064,186,1095,0,1
24067,339,1110,0,1
24083,48,898,0,1
24239,13,1039,0,1
24260,9,1232,0,1
24263,161,1233,0,1
24296,205,1234,0,1
24507,175,1235,0,1
24541,247,988,0,1
24587,407,1236,0,1
24637,71,901,0,1
24655,10,1029,0,1
24687,394,1178,0,1
25125,408,1237,0,1
25131,396,1238,0,1
25255,408,1239,0,1
25268,154,826,0,1
25275,10,934,0,1
25281,409,1191,0,1
25311,60,1240,0,1
25342,410,872,0,1
25363,411,1241,0,1
25391,242,1207,0,1
25392,393,1242,0,1
27061,377,1243,0,1
27122,154,1016,0,1
27314,1,1244,0,1
27323,52,820,0,1
27331,71,1245,0,1
27547,412,1246,0,1
27550,413,1247,0,1
27551,414,1247,0,1
27553,378,1248,0,1
27792,33,825,0,1
27798,389,1233,0,1
27800,9,896,0,1
27812,412,1223,0,1
28220,49,1249,0,1
28221,415,815,0,1
28737,220,1081,0,1
28773,399,1250,0,1
29119,416,1167,0,1
29293,417,1251,0,1
29465,78,871,0,1
29662,418,1252,0,1
30270,403,1033,0,1
30317,419,1253,0,1
30334,170,871,0,1
30335,81,871,0,1
30508,64,926,0,1
30660,403,871,0,1
30688,395,871,0,1
30841,77,871,0,1
31027,86,1254,0,1
32192,1,1255,0,1
32260,243,1208,0,1
32300,396,1256,0,1
32326,381,1167,0,1
32396,202,940,0,1
32405,420,1149,0,1
32413,368,1257,0,1
32419,374,871,0,1
32812,421,1033,0,1
32815,140,1005,0,1
32817,81,1033,0,1
32818,312,1044,0,1
32876,422,1205,0,1
32886,170,824,0,1
32901,410,1033,0,1
32903,423,872,0,1
33064,76,1029,0,1
33080,22,881,0,1
33187,424,916,0,1
33412,236,1258,0,1
33425,418,1259,0,1
33836,44,1260,0,1
33898,425,886,0,1
33910,81,991,0,1
33913,412,1261,0,1
33914,249,1094,0,1
34276,426,871,0,1
34310,208,1156,0,1
34937,52,856,0,1
35386,191,1262,0,1
35407,388,871,0,1
36325,194,1018,0,1
36345,427,1263,0,1
36348,151,1016,0,1
36358,392,993,0,1
36369,428,1264,0,1
36649,153,1016,0,1
37532,52,818,0,1
38155,371,1191,0,1
38342,429,1265,0,1
38664,404,1187,0,1
39026,48,818,0,1
39045,430,1167,0,1
39106,144,1095,0,1
39109,142,1095,0,1
39586,175,1068,0,1
39592,190,857,0,1
39611,170,1033,0,1
39986,33,887,0,1
39995,312,883,0,1
40010,426,1033,0,1
40013,423,1033,0,1
40015,255,1120,0,1
40019,113,1033,0,1
40059,347,1033,0,1
40077,431,999,0,1
41395,432,1006,0,1
41586,381,1253,0,1
42338,433,1224,0,1
42339,399,1224,0,1
42342,402,1224,0,1
42368,351,1266,0,1
42435,434,1267,0,1
42720,435,1268,0,1
43302,1,1005,0,1
43443,1,1227,0,1
44998,240,1131,0,1
45425,410,944,0,1
46156,347,872,0,1
46454,52,1198,0,1
47310,374,934,0,1
48319,101,1069,0,1
48320,413,1174,0,1
48885,422,1187,0,1
49906,9,1269,0,1
51215,60,1270,0,1
51218,436,879,0,1
53335,437,1271,0,1
54206,78,1033,0,1
55913,438,1205,0,1
57218,399,1272,0,1
57648,382,1188,0,1
58107,48,899,0,1
58260,52,1273,0,1
58264,425,884,0,1
61639,1,1231,0,1
61643,439,1212,0,1
61820,414,1174,0,1
63375,440,1157,0,1
64675,382,1191,0,1
65098,441,1223,0,1
65241,395,934,0,1
65378,395,991,0,1
66386,1,1274,0,1
66972,425,992,0,1
67826,338,1275,0,1
67846,381,1276,0,1
67876,405,1277,0,1
68063,175,1035,0,1
68081,442,1098,0,1
68082,170,872,0,1
68083,388,872,0,1
68085,421,871,0,1
68103,1,1250,0,1
68120,443,1058,0,1
68156,425,895,0,1
68479,48,1181,0,1
68532,444,871,0,1
68586,1,1267,0,1
68783,368,1278,0,1
68928,367,1279,0,1
69142,423,871,0,1
69188,394,1088,0,1
69201,86,901,0,1
69222,13,965,0,1
69230,432,1007,0,1
69311,403,872,0,1
69320,404,1257,0,1
69330,71,853,0,1
69360,386,1069,0,1
69390,405,1280,0,1
69393,404,1278,0,1
69696,13,1281,0,1
69706,48,930,0,1
69736,445,1277,0,1
69741,372,1191,0,1
69776,52,881,0,1
69834,13,818,0,1
69867,1,1252,0,1
69877,1,935,0,1
69880,1,818,0,1
69891,52,967,0,1
69895,1,1166,0,1
69971,13,1282,0,1
69975,8,1282,0,1
69986,48,958,0,1
69994,48,1282,0,1
70009,95,1283,0,1
70020,13,1284,0,1
70054,1,1285,0,1
70089,1,822,0,1
70161,446,1252,0,1
70178,1,908,0,1
70186,1,1286,0,1
70247,1,887,0,1
70272,1,930,0,1
70292,447,1252,0,1
70372,1,1200,0,1
70384,95,1287,0,1
70385,1,1181,0,1
70391,95,1288,0,1
70438,448,825,0,1
70439,448,1289,0,1
70441,427,993,0,1
70443,439,1263,0,1
70445,439,1290,0,1
70510,168,995,0,1
70521,223,1291,0,1
70523,216,1291,0,1
70525,217,1291,0,1
70527,222,1080,0,1
70529,226,1291,0,1
70534,7,1291,0,1
70538,219,875,0,1
70540,225,1080,0,1
70541,225,840,0,1
70545,17,1080,0,1
70549,25,1291,0,1
70551,25,1292,0,1
70556,449,1107,0,1
70558,450,1293,0,1
70562,330,1294,0,1
70569,451,1295,0,1
70570,451,1296,0,1
70572,452,1295,0,1
70573,453,1201,0,1
70581,454,1297,0,1
70731,455,835,0,1
70736,456,835,0,1
70741,457,835,0,1
70768,236,1291,0,1
70769,236,1086,0,1
70770,200,840,0,1
70773,237,1291,0,1
70774,235,1291,0,1
70775,235,1298,0,1
70776,458,1120,0,1
70778,458,825,0,1
70779,458,988,0,1
70780,458,854,0,1
70782,118,931,0,1
70783,118,971,0,1
70785,97,891,0,1
70786,97,931,0,1
70804,250,1094,0,1
70805,459,825,0,1
70806,151,1010,0,1
70807,151,1017,0,1
70810,154,1010,0,1
70811,155,1010,0,1
70812,152,1010,0,1
70814,152,1047,0,1
70816,194,1016,0,1
70818,194,1183,0,1
70820,194,820,0,1
70821,156,1016,0,1
70824,156,1183,0,1
70825,153,1046,0,1
70827,153,1047,0,1
70829,153,1018,0,1
70831,153,1183,0,1
70834,29,995,0,1
70836,16,1018,0,1
70839,148,1006,0,1
70840,460,1006,0,1
70841,460,1007,0,1
70842,460,1042,0,1
70843,460,1095,0,1
70844,187,1006,0,1
70846,187,1042,0,1
70848,187,1095,0,1
70850,188,1006,0,1
70852,188,1042,0,1
70854,188,1095,0,1
70856,252,1006,0,1
70857,252,1007,0,1
70858,252,1042,0,1
70860,142,1006,0,1
70863,142,1292,0,1
70864,142,1298,0,1
70866,461,1006,0,1
70867,461,1007,0,1
70868,461,1042,0,1
70869,461,1095,0,1
70870,462,1006,0,1
70871,462,1042,0,1
70872,463,1006,0,1
70874,463,1042,0,1
70875,463,1095,0,1
70877,143,1006,0,1
70878,144,1006,0,1
70880,144,1042,0,1
70882,432,1042,0,1
70884,432,1095,0,1
70886,186,1006,0,1
70888,186,1042,0,1
70891,146,1006,0,1
70893,146,1042,0,1
70895,146,1095,0,1
70897,147,1006,0,1
70899,147,1007,0,1
70900,369,1041,0,1
70901,147,1095,0,1
70947,207,1074,0,1
70948,115,820,0,1
70949,59,1292,0,1
70952,464,1299,0,1
70954,464,1300,0,1
70955,465,1194,0,1
70956,465,1301,0,1
70957,466,1194,0,1
70958,466,1302,0,1
70959,467,1194,0,1
70960,467,1303,0,1
70962,467,1304,0,1
70975,468,1194,0,1
70977,378,1305,0,1
70980,396,1306,0,1
70982,94,874,0,1
70983,94,894,0,1
71008,469,1307,0,1
71019,470,1308,0,1
71020,470,1309,0,1
71022,470,1310,0,1
71061,471,1311,0,1
71062,345,995,0,1
71063,345,988,0,1
71065,472,1312,0,1
71071,183,1283,0,1
71072,473,1189,0,1
71074,474,1189,0,1
71080,475,1313,0,1
71084,429,1314,0,1
71086,429,1315,0,1
71088,476,1315,0,1
71102,477,1147,0,1
71107,478,1009,0,1
71108,478,1257,0,1
71109,478,1205,0,1
71111,240,1291,0,1
71112,240,1086,0,1
71121,257,1316,0,1
71122,479,1254,0,1
71134,480,1317,0,1
71137,453,1318,0,1
71147,481,962,0,1
71148,482,958,0,1
71149,54,1319,0,1
71150,483,1320,0,1
71151,445,1321,0,1
71152,445,1280,0,1
71155,484,1322,0,1
71157,485,1323,0,1
71164,12,988,0,1
71166,71,1324,0,1
71172,18,1275,0,1
71173,34,1207,0,1
71175,486,1325,0,1
71176,486,1326,0,1
71183,487,1323,0,1
71185,253,1257,0,1
71186,253,1205,0,1
71188,149,1257,0,1
71191,384,882,0,1
71211,438,1192,0,1
71212,438,1257,0,1
71216,436,825,0,1
71218,436,920,0,1
71221,450,1211,0,1
71223,450,1202,0,1
71225,450,1327,0,1
71229,488,1328,0,1
71230,144,1257,0,1
71232,399,1329,0,1
71233,399,1330,0,1
71234,399,1218,0,1
71235,399,1331,0,1
71236,489,1149,0,1
71237,489,1145,0,1
71242,489,1332,0,1
71244,489,1333,0,1
71245,489,1157,0,1
71246,489,1334,0,1
71247,490,825,0,1
71248,194,1013,0,1
71251,8,1281,0,1
71252,8,1048,0,1
71254,189,1006,0,1
71258,394,1323,0,1
71259,394,825,0,1
71262,472,822,0,1
71263,472,1231,0,1
71275,227,1335,0,1
71278,437,993,0,1
71284,491,871,0,1
71285,491,872,0,1
71286,308,1149,0,1
71287,308,1145,0,1
71292,308,1332,0,1
71293,308,1333,0,1
71294,308,1157,0,1
71295,308,1334,0,1
71297,126,825,0,1
71300,71,825,0,1
71302,71,1200,0,1
71303,71,1287,0,1
71304,71,822,0,1
71306,71,1298,0,1
71307,71,1088,0,1
71308,71,1281,0,1
71309,492,1211,0,1
71310,492,1202,0,1
71312,493,1336,0,1
71313,494,822,0,1
71314,494,1200,0,1
71315,494,1316,0,1
71316,59,1323,0,1
71317,59,822,0,1
71318,59,1298,0,1
71319,59,1257,0,1
71321,495,1337,0,1
71322,495,1287,0,1
71323,495,822,0,1
71324,495,1338,0,1
71325,495,1339,0,1
71326,495,1340,0,1
71327,421,934,0,1
71330,321,1140,0,1
71341,78,936,0,1
71342,78,929,0,1
71343,78,991,0,1
71344,78,1029,0,1
71345,78,873,0,1
71346,7,1080,0,1
71362,350,1284,0,1
71363,350,1341,0,1
71364,350,1251,0,1
71365,350,1287,0,1
71366,350,1120,0,1
71367,350,1286,0,1
71368,350,1342,0,1
71369,350,1200,0,1
71370,350,1040,0,1
71371,350,1275,0,1
71372,350,1343,0,1
71373,350,1281,0,1
71376,234,1344,0,1
71377,234,1291,0,1
71378,234,1345,0,1
71379,234,1346,0,1
71380,82,1347,0,1
71381,496,993,0,1
71382,496,1263,0,1
71383,496,1283,0,1
71384,496,1298,0,1
71385,496,1348,0,1
71386,497,1349,0,1
71393,119,1112,0,1
71398,498,1189,0,1
71399,499,1338,0,1
71400,499,1287,0,1
71401,499,822,0,1
71402,115,1323,0,1
71404,115,979,0,1
71405,43,976,0,1
71406,43,1347,0,1
71407,500,1205,0,1
71415,427,1256,0,1
71416,427,871,0,1
71418,427,1212,0,1
71420,427,1332,0,1
71421,427,1350,0,1
71422,427,1283,0,1
71423,427,1202,0,1
71424,427,1174,0,1
71425,427,1351,0,1
71426,347,882,0,1
71431,501,993,0,1
71432,501,1263,0,1
71433,501,1283,0,1
71435,463,1007,0,1
71439,74,822,0,1
71440,74,1200,0,1
71441,74,932,0,1
71443,74,1040,0,1
71444,74,1281,0,1
71445,502,1149,0,1
71446,502,1145,0,1
71449,502,1332,0,1
71450,502,1333,0,1
71451,502,1157,0,1
71452,502,1334,0,1
71453,18,926,0,1
71455,127,1031,0,1
71459,127,1352,0,1
71460,202,1031,0,1
71461,503,1353,0,1
71463,248,820,0,1
71465,156,1354,0,1
71468,156,1355,0,1
71469,156,1013,0,1
71471,156,1356,0,1
71473,131,871,0,1
71476,504,1022,0,1
71477,504,1357,0,1
71479,504,1233,0,1
71480,505,1343,0,1
71482,63,1156,0,1
71496,506,1358,0,1
71514,439,871,0,1
71515,439,993,0,1
71516,439,872,0,1
71518,439,1359,0,1
71520,439,1298,0,1
71521,439,1351,0,1
71522,439,1322,0,1
71523,507,1263,0,1
71527,176,1030,0,1
71529,176,1069,0,1
71530,349,1022,0,1
71531,508,1292,0,1
71532,508,1338,0,1
71534,508,822,0,1
71535,508,1340,0,1
71538,11,1360,0,1
71539,11,971,0,1
71544,341,1149,0,1
71545,341,1145,0,1
71548,341,1332,0,1
71549,341,1333,0,1
71550,341,1334,0,1
71552,509,977,0,1
71553,509,1069,0,1
71556,510,1292,0,1
71557,174,1035,0,1
71558,174,977,0,1
71559,174,1030,0,1
71560,174,1069,0,1
71561,511,1338,0,1
71562,511,1339,0,1
71563,511,1337,0,1
71564,511,1287,0,1
71565,511,822,0,1
71566,511,1340,0,1
71573,512,840,0,1
71574,84,1192,0,1
71575,513,1344,0,1
71576,513,1346,0,1
71578,513,1345,0,1
71580,514,1344,0,1
71581,514,1345,0,1
71583,514,1346,0,1
71584,515,1052,0,1
71589,516,1361,0,1
71590,516,1251,0,1
71592,516,1292,0,1
71593,516,822,0,1
71594,516,872,0,1
71595,516,1342,0,1
71596,516,1200,0,1
71597,516,1290,0,1
71598,516,1338,0,1
71599,516,1275,0,1
71600,516,1316,0,1
71621,408,1342,0,1
71622,408,1200,0,1
71624,408,1362,0,1
71625,408,958,0,1
71626,408,1275,0,1
71627,408,1363,0,1
71640,435,822,0,1
71641,435,1339,0,1
71643,517,1298,0,1
71644,517,1006,0,1
71648,518,822,0,1
71649,297,1308,0,1
71650,91,1310,0,1
71651,91,1332,0,1
71652,519,1364,0,1
71653,520,1365,0,1
71654,521,1082,0,1
71659,522,1338,0,1
71661,522,822,0,1
71662,522,1340,0,1
71664,523,822,0,1
71665,523,1200,0,1
71667,523,1223,0,1
71668,316,1344,0,1
71669,316,1345,0,1
71670,316,1346,0,1
71671,142,1323,0,1
71672,142,1357,0,1
71673,142,1366,0,1
71674,142,1367,0,1
71675,142,1257,0,1
71676,14,1368,0,1
71677,14,1263,0,1
71678,14,872,0,1
71679,14,1014,0,1
71681,14,1369,0,1
71682,14,1332,0,1
71684,14,991,0,1
71685,14,1029,0,1
71687,148,1367,0,1
71688,396,1320,0,1
71689,396,825,0,1
71691,396,949,0,1
71693,396,1202,0,1
71694,396,948,0,1
71695,524,1280,0,1
71699,213,1256,0,1
71700,213,1344,0,1
71702,213,1286,0,1
71703,213,1346,0,1
71704,213,1202,0,1
71705,213,1298,0,1
71706,213,1345,0,1
71707,213,1363,0,1
71708,487,1361,0,1
71709,487,825,0,1
71710,487,822,0,1
71711,487,1370,0,1
71712,525,1284,0,1
71713,525,1292,0,1
71715,525,825,0,1
71716,525,1200,0,1
71717,525,1040,0,1
71718,525,1371,0,1
71719,525,1341,0,1
71720,525,1337,0,1
71721,525,822,0,1
71723,525,1372,0,1
71724,525,1340,0,1
71725,29,1263,0,1
71727,29,1332,0,1
71730,29,988,0,1
71732,29,1257,0,1
71733,29,1020,0,1
71734,422,1373,0,1
71735,422,1257,0,1
71737,368,1205,0,1
71738,77,882,0,1
71739,77,991,0,1
71740,77,1033,0,1
71741,77,1029,0,1
71742,77,873,0,1
71743,77,824,0,1
71745,258,1344,0,1
71746,258,1346,0,1
71747,258,1345,0,1
71758,445,1374,0,1
71762,526,999,0,1
71763,527,822,0,1
71764,67,1000,0,1
71765,67,1375,0,1
71766,145,1095,0,1
71769,145,1006,0,1
71770,145,1042,0,1
71775,528,1200,0,1
71777,337,1145,0,1
71778,337,1157,0,1
71780,337,1334,0,1
71781,337,1332,0,1
71782,337,1333,0,1
71786,529,939,0,1
71788,529,941,0,1
71789,530,999,0,1
71790,530,1035,0,1
71801,531,1191,0,1
71803,121,854,0,1
71804,233,832,0,1
71805,532,873,0,1
71806,231,1145,0,1
71807,231,1332,0,1
71808,231,1334,0,1
71809,231,1149,0,1
71812,231,1208,0,1
71813,231,1333,0,1
71814,231,1157,0,1
71816,108,1376,0,1
71820,440,1013,0,1
71822,296,1308,0,1
71827,420,1145,0,1
71828,420,1332,0,1
71829,420,1334,0,1
71832,420,1333,0,1
71833,420,1157,0,1
71834,533,999,0,1
71835,533,977,0,1
71836,533,1030,0,1
71837,533,1069,0,1
71839,534,1373,0,1
71840,76,873,0,1
71841,76,1050,0,1
71844,76,991,0,1
71860,81,1263,0,1
71861,81,1377,0,1
71863,535,947,0,1
71864,536,936,0,1
71867,241,1345,0,1
71868,241,1346,0,1
71870,130,1069,0,1
71872,340,1346,0,1
71873,340,1345,0,1
71874,72,1029,0,1
71875,72,824,0,1
71878,310,1357,0,1
71894,537,1247,0,1
71898,538,1174,0,1
71899,538,1247,0,1
71901,325,1140,0,1
71909,10,929,0,1
71911,10,873,0,1
71914,342,1090,0,1
71915,539,1007,0,1
71916,539,1006,0,1
71917,539,1042,0,1
71918,433,1375,0,1
71919,540,1250,0,1
71921,541,1361,0,1
71923,541,822,0,1
71924,541,1202,0,1
71925,541,1165,0,1
71927,541,1327,0,1
71928,542,1332,0,1
71929,542,1263,0,1
71932,455,822,0,1
71933,455,1340,0,1
71934,68,1000,0,1
71935,68,1375,0,1
71936,238,1346,0,1
71937,238,1345,0,1
71938,239,1346,0,1
71939,239,1291,0,1
71940,239,1345,0,1
71941,240,1346,0,1
71942,240,1345,0,1
71943,543,1007,0,1
71944,543,1298,0,1
71945,543,1291,0,1
71946,543,1345,0,1
71947,543,1263,0,1
71948,543,1378,0,1
71949,543,1346,0,1
71956,110,949,0,1
71959,58,822,0,1
71960,58,960,0,1
71961,58,1298,0,1
71963,66,1379,0,1
71965,66,1375,0,1
71973,255,1361,0,1
71974,255,822,0,1
71975,255,1205,0,1
71976,544,1380,0,1
71977,544,1381,0,1
71978,545,822,0,1
71979,545,1202,0,1
71985,546,1382,0,1
71986,546,1049,0,1
71988,317,1345,0,1
71989,317,1346,0,1
71990,223,1335,0,1
71992,6,881,0,1
71993,6,846,0,1
71994,547,1346,0,1
71995,547,1345,0,1
71996,469,1210,0,1
72002,469,1164,0,1
72003,548,1174,0,1
72004,549,1212,0,1
72005,549,1263,0,1
72006,550,1373,0,1
72007,107,874,0,1
72009,551,1174,0,1
72019,99,948,0,1
72021,552,1335,0,1
72023,552,1345,0,1
72024,553,977,0,1
72025,553,1030,0,1
72026,553,1069,0,1
72039,235,1292,0,1
72040,235,1357,0,1
72041,235,1345,0,1
72042,200,1335,0,1
72044,200,1291,0,1
72045,200,1345,0,1
72047,554,1383,0,1
72061,555,999,0,1
72064,555,1035,0,1
72066,556,1345,0,1
72068,385,1256,0,1
72069,385,822,0,1
72070,385,1286,0,1
72071,385,1202,0,1
72072,385,846,0,1
72073,385,1384,0,1
72075,229,1385,0,1
72076,333,980,0,1
72090,149,1022,0,1
72120,157,1049,0,1
72121,557,1170,0,1
72123,95,1027,0,1
72125,95,1157,0,1
72127,558,1256,0,1
72128,558,1386,0,1
72129,558,1202,0,1
72130,558,1387,0,1
72131,558,1388,0,1
72132,558,1389,0,1
72133,146,1367,0,1
72134,559,1006,0,1
72135,559,1007,0,1
72136,559,1042,0,1
72138,245,1345,0,1
72139,560,822,0,1
72140,561,1359,0,1
72142,561,1192,0,1
72150,56,958,0,1
72154,4,971,0,1
72156,152,1183,0,1
72158,152,1046,0,1
72160,562,1191,0,1
72163,562,1190,0,1
72165,319,1345,0,1
72169,563,1390,0,1
72171,563,1372,0,1
72173,563,1391,0,1
72174,564,1391,0,1
72175,565,822,0,1
72176,566,1145,0,1
72177,566,1145,0,1
72178,566,1334,0,1
72179,566,1334,0,1
72182,566,1333,0,1
72183,566,1333,0,1
72184,566,1157,0,1
72185,566,1157,0,1
72188,567,1280,0,1
72189,567,1321,0,1
72190,309,1345,0,1
72192,318,1345,0,1
72194,568,1133,0,1
72195,143,1042,0,1
72197,260,1392,0,1
72198,260,1393,0,1
72205,569,1088,0,1
72208,570,1163,0,1
72210,571,1200,0,1
72211,402,1250,0,1
72212,410,882,0,1
72213,410,1394,0,1
72214,197,1292,0,1
72216,197,1357,0,1
72217,197,1395,0,1
72219,197,1261,0,1
72222,572,1256,0,1
72223,572,1211,0,1
72224,572,1361,0,1
72225,572,1200,0,1
72226,572,1202,0,1
72227,572,822,0,1
72229,572,1396,0,1
72230,208,1107,0,1
72231,208,924,0,1
72237,1,1306,0,1
72253,573,1256,0,1
72254,573,1202,0,1
72255,573,1174,0,1
72256,573,1397,0,1
72257,574,1029,0,1
72258,575,1029,0,1
72277,576,1145,0,1
72278,576,1335,0,1
72279,576,1157,0,1
72281,576,1334,0,1
72282,577,1263,0,1
72287,578,1048,0,1
72288,579,1335,0,1
72291,580,1338,0,1
72292,580,822,0,1
72303,5,971,0,1
72304,417,1361,0,1
72305,417,822,0,1
72306,417,1200,0,1
72307,417,971,0,1
72308,417,1338,0,1
72309,417,1316,0,1
72310,581,1035,0,1
72314,327,1334,0,1
72316,327,1157,0,1
72319,582,1398,0,1
72320,444,1256,0,1
72321,444,883,0,1
72322,444,1202,0,1
72323,583,1263,0,1
72324,150,1183,0,1
72326,150,1046,0,1
72328,154,1183,0,1
72330,154,1046,0,1
72332,413,1202,0,1
72333,413,1316,0,1
72334,584,1174,0,1
72335,584,1316,0,1
72336,414,1202,0,1
72337,414,1316,0,1
72339,41,1399,0,1
72342,345,1007,0,1
72344,345,1047,0,1
72345,345,1372,0,1
72349,35,1256,0,1
72350,35,1202,0,1
72378,585,1200,0,1
72382,482,1174,0,1
72396,586,1305,0,1
72397,587,1145,0,1
72399,587,1157,0,1
72400,587,1334,0,1
72401,588,822,0,1
72402,101,929,0,1
72413,589,1007,0,1
72414,589,1006,0,1
72415,467,1305,0,1
72416,467,1400,0,1
72417,467,1302,0,1
72419,590,1401,0,1
72421,590,1302,0,1
72422,590,1229,0,1
72424,173,1263,0,1
72429,591,1145,0,1
72430,591,1157,0,1
72431,591,1334,0,1
72433,323,1145,0,1
72434,323,1263,0,1
72435,323,1334,0,1
72436,323,1157,0,1
72437,592,1085,0,1
72441,593,1145,0,1
72442,593,1157,0,1
72443,593,1334,0,1
72447,594,1191,0,1
72450,595,1338,0,1
72451,595,1337,0,1
72452,595,822,0,1
72455,596,822,0,1
72456,596,1338,0,1
72458,196,1190,0,1
72459,470,865,0,1
72461,485,1361,0,1
72462,485,822,0,1
72463,485,1200,0,1
72464,597,1323,0,1
72466,598,1145,0,1
72467,598,1157,0,1
72468,598,1334,0,1
72469,199,822,0,1
72472,465,1400,0,1
72473,599,1365,0,1
72476,600,1145,0,1
72477,600,1334,0,1
72478,600,1157,0,1
72481,243,1145,0,1
72482,243,1131,0,1
72483,243,1334,0,1
72484,243,1157,0,1
72485,601,1200,0,1
72486,409,1190,0,1
72487,257,1230,0,1
72488,183,1338,0,1
72489,602,1263,0,1
72494,261,1145,0,1
72495,261,1334,0,1
72496,261,1157,0,1
72498,48,1402,0,1
72500,603,1403,0,1
72502,193,883,0,1
72503,604,1145,0,1
72504,604,1157,0,1
72505,604,1334,0,1
72506,60,1404,0,1
72507,605,1256,0,1
72508,605,1200,0,1
72509,466,1400,0,1
72510,606,1337,0,1
72512,607,1256,0,1
72513,608,1145,0,1
72514,608,1157,0,1
72515,608,1334,0,1
72518,609,1263,0,1
72519,610,1145,0,1
72520,610,1157,0,1
72521,610,1334,0,1
72522,277,1145,0,1
72523,277,1157,0,1
72524,277,1334,0,1
72525,335,1145,0,1
72526,335,1334,0,1
72527,306,1145,0,1
72532,560,1288,0,1
72533,499,1288,0,1
72534,606,1288,0,1
72535,595,1288,0,1
72536,611,1288,0,1
72537,523,1288,0,1
72538,580,1288,0,1
72539,516,1288,0,1
72541,348,1288,0,1
72542,612,1288,0,1
72544,508,1288,0,1
72546,511,1288,0,1
72547,596,1288,0,1
72549,350,1288,0,1
72550,495,1288,0,1
72551,522,1288,0,1
72553,613,1405,0,1
72555,378,1307,0,1
72556,199,1307,0,1
72558,614,1307,0,1
72565,63,1076,0,1
72566,573,951,0,1
72571,65,879,0,1
72572,208,879,0,1
72573,38,879,0,1
72574,82,959,0,1
72579,615,959,0,1
72580,192,1406,0,1
72583,616,1407,0,1
72584,560,965,0,1
72585,606,965,0,1
72586,580,965,0,1
72587,612,965,0,1
72588,508,965,0,1
72589,511,965,0,1
72590,595,965,0,1
72591,596,965,0,1
72592,495,965,0,1
72593,522,965,0,1
72594,141,940,0,1
72595,127,940,0,1
72598,543,1408,0,1
72601,260,1130,0,1
72606,235,945,0,1
72609,24,833,0,1
72610,595,1039,0,1
72611,350,1039,0,1
72616,385,1409,0,1
72618,15,843,0,1
72619,413,1312,0,1
72622,617,1410,0,1
72625,241,1091,0,1
72628,618,1411,0,1
72629,487,1411,0,1
72632,619,1411,0,1
72639,590,1189,0,1
72641,620,1189,0,1
72642,621,1189,0,1
72644,622,1189,0,1
72646,623,1189,0,1
72648,555,1067,0,1
72650,175,1067,0,1
72651,176,1067,0,1
72652,530,1067,0,1
72653,526,1067,0,1
72654,581,1067,0,1
72655,174,1067,0,1
72657,101,1067,0,1
72676,583,1283,0,1
72679,140,1283,0,1
72681,507,1283,0,1
72685,439,1283,0,1
72686,549,1283,0,1
72692,624,1283,0,1
72693,516,1283,0,1
72695,577,1283,0,1
72698,408,1283,0,1
72700,444,1283,0,1
72701,625,1283,0,1
72706,543,1283,0,1
72708,76,1283,0,1
72736,442,1099,0,1
72737,72,1236,0,1
72738,100,1236,0,1
72739,66,1236,0,1
72747,465,1412,0,1
72748,467,1412,0,1
72749,466,1412,0,1
72750,205,1413,0,1
72781,380,891,0,1
72787,185,1004,0,1
72793,37,926,0,1
72794,60,926,0,1
72799,605,1348,0,1
72802,257,1348,0,1
72803,487,1348,0,1
72806,626,1348,0,1
72812,345,1287,0,1
72813,525,1287,0,1
72815,627,1287,0,1
72818,485,1287,0,1
72819,523,1287,0,1
72820,140,1287,0,1
72821,572,1287,0,1
72823,605,1287,0,1
72827,528,1287,0,1
72830,628,1287,0,1
72833,253,1287,0,1
72836,585,1287,0,1
72840,629,871,0,1
72842,574,871,0,1
72843,420,871,0,1
72844,575,871,0,1
72845,484,871,0,1
72847,521,871,0,1
72848,535,871,0,1
72849,257,1290,0,1
72850,528,1005,0,1
72851,139,1005,0,1
72852,60,1096,0,1
72855,518,1414,0,1
72858,572,1342,0,1
72859,95,1342,0,1
72874,29,1353,0,1
72879,380,931,0,1
72880,417,931,0,1
72881,630,931,0,1
72883,465,1415,0,1
72884,549,1415,0,1
72885,555,1031,0,1
72887,201,1031,0,1
72889,101,1031,0,1
72891,75,1031,0,1
72894,616,1416,0,1
72895,487,1362,0,1
72897,619,1362,0,1
72900,253,1159,0,1
72901,183,993,0,1
72905,542,993,0,1
72906,205,993,0,1
72907,631,993,0,1
72908,323,993,0,1
72910,583,993,0,1
72913,602,993,0,1
72914,62,993,0,1
72915,558,993,0,1
72916,577,993,0,1
72917,29,993,0,1
72920,609,993,0,1
72921,632,993,0,1
72922,507,993,0,1
72925,14,993,0,1
72927,173,993,0,1
72928,167,993,0,1
72929,633,1120,0,1
72933,561,1120,0,1
72934,235,1120,0,1
72937,342,1083,0,1
72938,14,1417,0,1
72939,595,1277,0,1
72941,100,1277,0,1
72942,39,1277,0,1
72948,66,1277,0,1
72949,253,1277,0,1
72953,525,1111,0,1
72954,254,1111,0,1
72956,385,1111,0,1
72957,485,1111,0,1
72959,255,1111,0,1
72961,541,1111,0,1
72963,253,1111,0,1
72964,58,1111,0,1
72973,534,1257,0,1
72974,550,1257,0,1
72975,141,1257,0,1
72976,563,1257,0,1
72977,145,1257,0,1
72979,409,1188,0,1
72981,562,1188,0,1
72983,196,1188,0,1
72991,541,1221,0,1
72993,111,995,0,1
72994,114,995,0,1
72996,12,995,0,1
73004,613,820,0,1
73005,111,820,0,1
73008,465,820,0,1
73010,116,820,0,1
73014,345,820,0,1
73015,166,820,0,1
73019,168,820,0,1
73020,634,981,0,1
73023,635,1244,0,1
73024,52,1418,0,1
73025,48,1418,0,1
73026,636,1418,0,1
73030,564,825,0,1
73031,613,825,0,1
73032,637,825,0,1
73034,39,825,0,1
73035,141,825,0,1
73036,116,825,0,1
73037,345,825,0,1
73038,638,825,0,1
73041,559,825,0,1
73046,444,825,0,1
73047,639,825,0,1
73048,253,825,0,1
73052,65,913,0,1
73053,193,1044,0,1
73055,60,815,0,1
73056,72,815,0,1
73057,640,815,0,1
73058,411,1419,0,1
73062,244,1344,0,1
73065,205,1344,0,1
73066,199,1344,0,1
73067,238,1344,0,1
73068,25,1344,0,1
73069,200,1344,0,1
73070,315,1344,0,1
73071,203,1344,0,1
73072,340,1344,0,1
73073,547,1344,0,1
73074,336,1344,0,1
73075,641,1344,0,1
73076,243,1344,0,1
73077,257,1344,0,1
73078,235,1344,0,1
73079,579,1344,0,1
73080,222,1344,0,1
73081,237,1344,0,1
73082,241,1344,0,1
73083,552,1344,0,1
73084,240,1344,0,1
73085,309,1344,0,1
73086,239,1344,0,1
73087,556,1344,0,1
73088,317,1344,0,1
73090,236,1344,0,1
73091,318,1344,0,1
73092,642,1344,0,1
73093,635,1344,0,1
73095,643,1344,0,1
73096,319,1344,0,1
73097,245,1344,0,1
73098,644,1344,0,1
73099,604,1344,0,1
73100,543,1344,0,1
73101,339,1344,0,1
73102,33,1344,0,1
73103,138,1009,0,1
73104,254,1009,0,1
73105,385,1009,0,1
73106,255,1009,0,1
73110,606,1339,0,1
73111,595,1339,0,1
73118,255,1339,0,1
73119,455,1339,0,1
73129,10,991,0,1
73137,72,944,0,1
73145,133,832,0,1
73146,592,832,0,1
73148,614,1420,0,1
73149,260,1421,0,1
73156,645,1081,0,1
73157,646,1081,0,1
73158,613,840,0,1
73159,469,840,0,1
73161,462,1095,0,1
73162,143,1095,0,1
73164,589,1095,0,1
73165,539,1095,0,1
73166,559,1095,0,1
73167,647,1095,0,1
73168,469,1422,0,1
73169,345,1284,0,1
73171,485,1284,0,1
73172,605,1284,0,1
73175,255,1284,0,1
73176,444,1284,0,1
73179,158,1284,0,1
73185,585,1284,0,1
73192,484,872,0,1
73193,426,872,0,1
73206,238,1086,0,1
73207,237,1086,0,1
73208,239,1086,0,1
73210,648,1080,0,1
73212,627,1281,0,1
73214,485,1281,0,1
73216,605,1281,0,1
73220,649,1281,0,1
73224,606,1340,0,1
73225,595,1340,0,1
73226,580,1340,0,1
73233,255,1340,0,1
73236,596,1340,0,1
73237,650,1340,0,1
73243,385,1167,0,1
73248,208,1275,0,1
73251,199,1161,0,1
73252,327,1161,0,1
73255,442,1097,0,1
73256,336,1128,0,1
73260,465,1423,0,1
73261,467,1423,0,1
73262,466,1423,0,1
73264,244,1346,0,1
73265,205,1346,0,1
73266,199,1346,0,1
73267,25,1346,0,1
73268,200,1346,0,1
73269,315,1346,0,1
73270,203,1346,0,1
73271,336,1346,0,1
73272,641,1346,0,1
73273,243,1346,0,1
73274,257,1346,0,1
73275,95,1346,0,1
73277,235,1346,0,1
73278,579,1346,0,1
73279,222,1346,0,1
73280,237,1346,0,1
73281,552,1346,0,1
73282,309,1346,0,1
73283,556,1346,0,1
73284,236,1346,0,1
73285,318,1346,0,1
73286,642,1346,0,1
73287,635,1346,0,1
73288,643,1346,0,1
73289,319,1346,0,1
73290,245,1346,0,1
73291,644,1346,0,1
73292,604,1346,0,1
73293,339,1346,0,1
73294,33,1346,0,1
73295,485,1424,0,1
73296,568,1134,0,1
73300,568,1132,0,1
73302,348,1351,0,1
73306,576,881,0,1
73310,587,1332,0,1
73311,323,1332,0,1
73312,335,1332,0,1
73313,602,1332,0,1
73314,243,1332,0,1
73315,593,1332,0,1
73316,609,1332,0,1
73317,326,1332,0,1
73318,566,1332,0,1
73319,566,1332,0,1
73320,277,1332,0,1
73321,306,1332,0,1
73322,261,1332,0,1
73323,327,1332,0,1
73324,598,1332,0,1
73325,600,1332,0,1
73326,608,1332,0,1
73327,610,1332,0,1
73328,173,1332,0,1
73329,604,1332,0,1
73330,576,1332,0,1
73331,591,1332,0,1
73333,140,1425,0,1
73335,651,1426,0,1
73340,560,1298,0,1
73341,595,1298,0,1
73342,208,1298,0,1
73350,336,1140,0,1
73355,652,1427,0,1
73356,653,1428,0,1
73359,654,1360,0,1
73360,251,1093,0,1
73362,62,1194,0,1
73366,379,854,0,1
73367,60,963,0,1
73370,587,1149,0,1
73371,323,1149,0,1
73372,243,1149,0,1
73373,593,1149,0,1
73374,326,1149,0,1
73375,566,1149,0,1
73376,566,1149,0,1
73377,277,1149,0,1
73378,306,1149,0,1
73379,261,1149,0,1
73380,327,1149,0,1
73381,598,1149,0,1
73382,600,1149,0,1
73383,608,1149,0,1
73384,610,1149,0,1
73385,604,1149,0,1
73386,576,1149,0,1
73387,591,1149,0,1
73389,466,1301,0,1
73417,655,1028,0,1
73419,656,943,0,1
73425,199,1082,0,1
73426,25,1082,0,1
73427,220,1082,0,1
73433,28,1384,0,1
73435,197,1371,0,1
73437,465,1303,0,1
73441,15,997,0,1
73447,169,1286,0,1
73449,589,1042,0,1
73450,647,1042,0,1
73451,581,999,0,1
73454,271,1104,0,1
73455,270,1104,0,1
73459,465,1304,0,1
73460,635,1304,0,1
73461,466,1304,0,1
73462,444,988,0,1
73464,657,1201,0,1
73465,587,1333,0,1
73466,323,1333,0,1
73467,335,1333,0,1
73468,243,1333,0,1
73469,593,1333,0,1
73470,326,1333,0,1
73471,277,1333,0,1
73472,306,1333,0,1
73473,261,1333,0,1
73474,327,1333,0,1
73475,598,1333,0,1
73482,600,1333,0,1
73483,608,1333,0,1
73484,610,1333,0,1
73485,604,1333,0,1
73486,576,1333,0,1
73487,591,1333,0,1
73488,634,986,0,1
73489,183,1357,0,1
73493,606,1383,0,1
73494,595,1383,0,1
73495,612,1383,0,1
73501,658,1233,0,1
73503,658,1022,0,1
73504,253,1022,0,1
73505,60,924,0,1
73507,659,1429,0,1
73508,607,1211,0,1
73510,60,1261,0,1
73512,244,1345,0,1
73513,205,1345,0,1
73514,199,1345,0,1
73515,25,1345,0,1
73516,315,1345,0,1
73517,203,1345,0,1
73518,336,1345,0,1
73519,641,1345,0,1
73520,243,1345,0,1
73521,257,1345,0,1
73522,579,1345,0,1
73523,222,1345,0,1
73524,237,1345,0,1
73525,236,1345,0,1
73526,642,1345,0,1
73527,635,1345,0,1
73528,643,1345,0,1
73529,644,1345,0,1
73530,604,1345,0,1
73531,339,1345,0,1
73532,33,1345,0,1
73541,36,1430,0,1
73542,660,1431,0,1
73543,602,1430,0,1
73545,237,1335,0,1
73546,326,1335,0,1
73547,261,1335,0,1
73548,635,1335,0,1
73549,271,1335,0,1
73550,661,1432,0,1
73551,199,1335,0,1
73552,336,1335,0,1
73553,327,1335,0,1
73555,661,1433,0,1
73562,597,1251,0,1
73574,196,1434,0,1
73577,221,1291,0,1
73578,26,1291,0,1
73581,272,1103,0,1
73584,662,1295,0,1
73586,183,1435,0,1
73588,101,1030,0,1
73589,36,877,0,1
73590,38,877,0,1
73591,586,1049,0,1
73600,605,1174,0,1
73606,377,1436,0,1
73607,27,1436,0,1
73608,406,977,0,1
73609,253,1047,0,1
73611,467,971,0,1
73612,161,1094,0,1
73627,663,1341,0,1
73637,183,1292,0,1
73638,405,1292,0,1
73641,378,1401,0,1
73644,466,1401,0,1
73647,664,1212,0,1
73648,665,1048,0,1
73649,378,1302,0,1
73651,465,1302,0,1
73653,465,1305,0,1
73654,62,1305,0,1
73655,466,1305,0,1
73657,183,1395,0,1
73658,60,1437,0,1
73659,254,822,0,1
73660,606,822,0,1
73661,612,822,0,1
73662,663,822,0,1
73663,666,822,0,1
73664,183,822,0,1
73669,650,822,0,1
73670,158,822,0,1
73671,253,822,0,1
73672,183,1361,0,1
73673,28,1438,0,1
73674,605,1202,0,1
73675,667,1202,0,1
73677,607,1202,0,1
73679,141,1367,0,1
73680,253,958,0,1
73681,634,1398,0,1
73684,606,1338,0,1
73687,405,1250,0,1
73689,647,1006,0,1
73690,668,1323,0,1
73691,141,1323,0,1
73693,406,1069,0,1
73695,462,1007,0,1
73698,647,1007,0,1
73699,669,1439,0,1
73704,405,1321,0,1
73709,335,1157,0,1
73710,326,1157,0,1
73714,667,1256,0,1
73715,326,1334,0,1
73716,306,1334,0,1
73717,253,1200,0,1
73718,253,1210,0,1
73730,349,939,0,1
74076,374,944,0,1
74078,374,824,0,1
74079,374,882,0,1
74080,374,873,0,1
74081,374,991,0,1
74082,374,1029,0,1
74084,395,944,0,1
74086,395,824,0,1
74087,395,882,0,1
74088,395,873,0,1
74089,395,1029,0,1
74115,514,1081,0,1
74118,670,1291,0,1
74119,222,1291,0,1
74120,648,1291,0,1
74121,238,1291,0,1
74122,635,1291,0,1
74123,552,1291,0,1
74124,241,1291,0,1
74129,394,1066,0,1
74146,671,1174,0,1
74151,586,1174,0,1
74152,586,1440,0,1
74153,198,1440,0,1
74154,672,1440,0,1
74157,546,1441,0,1
74158,546,1442,0,1
74159,546,1292,0,1
74160,546,1298,0,1
74161,546,1357,0,1
74165,183,1298,0,1
74168,183,1443,0,1
74169,197,1298,0,1
74172,197,1443,0,1
74182,244,1137,0,1
74183,243,1137,0,1
74184,430,1196,0,1
74185,673,1196,0,1
74186,376,1196,0,1
74187,346,1196,0,1
74188,673,1167,0,1
74189,430,1444,0,1
74190,381,1444,0,1
74191,385,1444,0,1
74192,673,1444,0,1
74193,376,1444,0,1
74194,346,1444,0,1
74195,430,1445,0,1
74196,381,1445,0,1
74197,673,1445,0,1
74198,385,1445,0,1
74199,376,1445,0,1
74200,346,1445,0,1
74201,430,1446,0,1
74202,381,1446,0,1
74204,673,1446,0,1
74205,385,1446,0,1
74206,376,1446,0,1
74207,346,1446,0,1
74245,587,1100,0,1
74251,597,1231,0,1
74252,309,1021,0,1
74257,506,1447,0,1
74272,674,1447,0,1
74280,674,1358,0,1
74286,344,1155,0,1
74287,675,1313,0,1
74468,455,1323,0,1
74469,456,1323,0,1
74470,457,1323,0,1
74474,595,1323,0,1
74475,606,1323,0,1
74476,560,1323,0,1
74477,499,1323,0,1
74478,508,1323,0,1
74479,495,1323,0,1
74480,612,1323,0,1
74481,596,1323,0,1
74482,511,1323,0,1
74483,522,1323,0,1
74484,580,1323,0,1
74496,455,1292,0,1
74497,456,1292,0,1
74498,457,1292,0,1
74506,417,1292,0,1
74508,676,1292,0,1
74509,494,1292,0,1
74568,676,1316,0,1
74580,455,1448,0,1
74581,456,1448,0,1
74582,457,1448,0,1
74587,676,1251,0,1
74588,494,1251,0,1
74591,595,1449,0,1
74592,606,1449,0,1
74594,560,1449,0,1
74596,499,1449,0,1
74597,508,1449,0,1
74598,495,1449,0,1
74600,612,1449,0,1
74602,596,1449,0,1
74603,511,1449,0,1
74605,522,1449,0,1
74607,580,1449,0,1
74622,73,1336,0,1
74623,677,1450,0,1
74624,677,1328,0,1
74626,603,1410,0,1
74627,497,1410,0,1
74630,454,1410,0,1
74634,87,1391,0,1
74642,492,1293,0,1
74658,465,1450,0,1
74659,466,1450,0,1
74660,467,1450,0,1
74661,590,1450,0,1
74662,468,1450,0,1
74663,378,1450,0,1
74677,467,1451,0,1
74678,468,1302,0,1
74679,468,1301,0,1
74680,467,1300,0,1
74681,468,1452,0,1
74685,366,1307,0,1
74686,361,1307,0,1
74687,357,1307,0,1
74688,353,1307,0,1
74689,352,1307,0,1
74690,359,1307,0,1
74691,362,1307,0,1
74692,360,1307,0,1
74693,354,1307,0,1
74694,363,1307,0,1
74695,365,1307,0,1
74696,355,1307,0,1
74697,364,1307,0,1
74698,358,1307,0,1
74708,476,1184,0,1
74710,476,1185,0,1
74712,476,1343,0,1
74714,380,971,0,1
74726,379,1192,0,1
74727,678,1192,0,1
74732,679,1187,0,1
74733,679,1278,0,1
74741,680,1361,0,1
74753,651,1453,0,1
74756,651,1257,0,1
74757,578,1454,0,1
74758,665,1454,0,1
74759,681,1455,0,1
74760,682,1455,0,1
74762,683,1455,0,1
74765,586,1284,0,1
74766,586,822,0,1
74769,684,1348,0,1
74771,100,1456,0,1
74772,131,1457,0,1
74773,131,1456,0,1
74775,211,941,0,1
74776,211,939,0,1
74793,685,1080,0,1
74795,685,840,0,1
74796,444,1007,0,1
74797,444,846,0,1
74798,686,1284,0,1
74799,686,822,0,1
74800,687,1354,0,1
74801,493,1305,0,1
74807,616,1458,0,1
74809,688,1328,0,1
74810,689,1459,0,1
74811,690,1460,0,1
74812,691,1461,0,1
74813,691,1462,0,1
74814,691,822,0,1
74816,87,1395,0,1
74819,494,1284,0,1
74821,692,1287,0,1
74822,692,1200,0,1
74823,199,1361,0,1
74824,199,1284,0,1
74825,199,1287,0,1
74826,199,1200,0,1
74827,693,1081,0,1
74828,458,1348,0,1
74829,458,1174,0,1
74830,31,1322,0,1
74831,535,943,0,1
74832,535,872,0,1
74833,491,943,0,1
74834,491,947,0,1
74836,666,1040,0,1
74837,694,965,0,1
74838,627,1200,0,1
74839,695,1455,0,1
74841,696,974,0,1
74842,697,1230,0,1
74843,697,875,0,1
74844,141,1463,0,1
74845,189,1367,0,1
74846,143,1367,0,1
74847,144,1367,0,1
74848,698,1287,0,1
74849,698,1281,0,1
74851,264,1031,0,1
74852,266,1235,0,1
74857,699,1157,0,1
74859,467,1464,0,1
74860,468,1305,0,1
74862,700,1036,0,1
74863,700,832,0,1
74869,134,1037,0,1
74870,701,1200,0,1
74871,424,1395,0,1
74872,201,1457,0,1
74877,345,1395,0,1
74878,702,1100,0,1
74881,703,1465,0,1
74882,703,1466,0,1
74885,704,1465,0,1
74887,705,1465,0,1
74889,705,1325,0,1
74892,706,1465,0,1
74894,441,1246,0,1
74896,441,1261,0,1
74904,707,1081,0,1
74906,708,1312,0,1
74907,709,944,0,1
74909,709,1033,0,1
74910,709,882,0,1
74911,709,991,0,1
74916,710,1315,0,1
74917,711,1220,0,1
74918,175,1457,0,1
74919,399,1417,0,1
74925,477,1456,0,1
74926,712,1460,0,1
74927,713,1361,0,1
74928,713,1284,0,1
74929,713,1287,0,1
74930,713,822,0,1
74931,713,1200,0,1
74932,714,1368,0,1
74933,668,1348,0,1
74934,668,1174,0,1
74940,197,1289,0,1
74942,715,1467,0,1
74943,397,1468,0,1
74945,716,1254,0,1
74947,717,1469,0,1
74954,718,1251,0,1
74955,445,1292,0,1
74956,405,946,0,1
74958,719,1246,0,1
74959,719,1261,0,1
74971,629,1322,0,1
74972,629,872,0,1
74973,720,946,0,1
74974,720,1351,0,1
74975,667,1361,0,1
74976,667,1284,0,1
74977,667,822,0,1
74978,721,1230,0,1
74979,722,1470,0,1
74980,723,1088,0,1
74981,724,1066,0,1
74982,724,1088,0,1
74984,516,1254,0,1
74985,525,1395,0,1
74986,342,1397,0,1
74991,10,824,0,1
74992,10,882,0,1
74993,423,944,0,1
74994,423,873,0,1
74995,423,1029,0,1
74996,170,991,0,1
74997,421,824,0,1
74998,421,872,0,1
74999,384,991,0,1
75001,347,991,0,1
75002,81,944,0,1
75003,410,873,0,1
75004,410,1029,0,1
75005,113,882,0,1
75006,113,873,0,1
75008,403,882,0,1
75010,388,882,0,1
75011,388,873,0,1
75012,388,1029,0,1
75013,725,815,0,1
75015,637,1358,0,1
75016,637,1021,0,1
75018,192,835,0,1
75019,176,1031,0,1
75020,176,999,0,1
75021,533,1031,0,1
75022,533,1067,0,1
75024,726,835,0,1
75026,306,958,0,1
75027,307,958,0,1
75028,691,848,0,1
75031,241,1471,0,1
75034,727,1472,0,1
75035,728,1313,0,1
75036,148,1042,0,1
75037,148,1095,0,1
75044,467,835,0,1
75048,20,1473,0,1
75050,526,1031,0,1
75051,526,1035,0,1
75062,383,1474,0,1
75065,37,1093,0,1
75070,183,1371,0,1
75071,519,1475,0,1
75073,312,1045,0,1
75080,197,1476,0,1
75083,485,1425,0,1
75089,60,876,0,1
75091,149,1159,0,1
75092,142,1287,0,1
75095,369,1477,0,1
75096,3,1478,0,1
75108,71,1479,0,1
75110,194,887,0,1
75112,729,1246,0,1
75117,545,1256,0,1
75120,86,1332,0,1
75129,408,1111,0,1
75130,730,1480,0,1
75133,731,1481,0,1
75136,732,833,0,1
75140,733,1482,0,1
75148,369,1190,0,1
75155,734,1158,0,1
75159,735,1483,0,1
75161,336,1332,0,1
75163,46,1484,0,1
75165,452,1485,0,1
75167,516,1363,0,1
75173,662,1242,0,1
75177,246,1118,0,1
75186,736,1004,0,1
75189,737,1468,0,1
75194,128,1035,0,1
75213,69,995,0,1
75214,738,1331,0,1
75219,396,1165,0,1
75230,731,1486,0,1
75231,739,979,0,1
75238,155,1005,0,1
75242,740,1167,0,1
75243,741,1291,0,1
75245,566,1066,0,1
75247,120,1487,0,1
75248,156,1488,0,1
75252,141,1287,0,1
75254,742,1489,0,1
75256,733,938,0,1
75257,363,1347,0,1
75271,391,1284,0,1
75272,347,871,0,1
75273,125,885,0,1
75280,100,1490,0,1
75281,599,946,0,1
75285,743,1491,0,1
75291,163,1296,0,1
75299,277,1492,0,1
75303,528,1281,0,1
75304,166,1493,0,1
75306,672,1305,0,1
75309,365,1347,0,1
75317,744,938,0,1
75318,483,1414,0,1
75321,745,974,0,1
75323,126,1494,0,1
75324,87,1495,0,1
75331,736,1005,0,1
75334,619,1434,0,1
75347,746,1309,0,1
75348,742,1407,0,1
75350,747,1006,0,1
75352,731,1118,0,1
75354,719,1275,0,1
75355,365,1376,0,1
75370,566,1492,0,1
75372,190,1493,0,1
75374,748,1486,0,1
75377,587,1335,0,1
75379,465,1451,0,1
75380,749,1496,0,1
75385,549,1316,0,1
75386,598,1492,0,1
75389,210,1246,0,1
75392,441,1329,0,1
75396,153,1017,0,1
75398,750,1250,0,1
75401,195,1042,0,1
75440,172,938,0,1
75441,69,833,0,1
75444,733,1448,0,1
75455,500,1244,0,1
75469,751,1084,0,1
75470,297,1310,0,1
75471,752,1497,0,1
75486,753,1272,0,1
75490,733,1412,0,1
75497,131,1494,0,1
75502,533,1035,0,1
75504,466,1303,0,1
75512,166,1205,0,1
75514,20,1036,0,1
75524,25,1335,0,1
75528,122,1498,0,1
75530,742,1499,0,1
75531,53,1275,0,1
75535,429,1434,0,1
75537,494,1337,0,1
75547,492,1500,0,1
75548,435,1329,0,1
75554,86,1323,0,1
75557,120,1448,0,1
75558,253,1323,0,1
75564,754,1481,0,1
75578,47,1416,0,1
75584,516,1322,0,1
75587,32,959,0,1
75592,87,1453,0,1
75598,387,1365,0,1
75601,549,1416,0,1
75606,487,1501,0,1
75608,90,1502,0,1
75622,483,844,0,1
75625,71,1503,0,1
75626,458,969,0,1
75629,369,1261,0,1
75630,743,1464,0,1
75636,85,918,0,1
75639,29,1275,0,1
75642,86,833,0,1
75643,291,1000,0,1
75648,755,1192,0,1
75649,574,1468,0,1
75651,599,1504,0,1
75654,733,1505,0,1
75656,427,1359,0,1
75671,379,1187,0,1
75676,490,1336,0,1
75677,750,1095,0,1
75679,458,816,0,1
75682,92,1502,0,1
75686,738,1506,0,1
75687,480,1289,0,1
75696,369,1417,0,1
75702,505,1507,0,1
75712,119,1305,0,1
75715,756,1218,0,1
75717,119,1491,0,1
75723,757,1272,0,1
75729,758,1027,0,1
75731,194,1017,0,1
75736,93,1367,0,1
75737,467,1347,0,1
75739,467,1508,0,1
75743,44,833,0,1
75747,759,1509,0,1
75751,738,1510,0,1
75753,43,997,0,1
75755,277,1066,0,1
75758,492,1511,0,1
75762,104,833,0,1
75763,392,1359,0,1
75764,363,1455,0,1
75767,760,958,0,1
75771,688,1512,0,1
75772,408,1361,0,1
75773,198,1305,0,1
75789,761,1330,0,1
75795,662,1489,0,1
75796,762,1120,0,1
75797,417,1322,0,1
75805,734,1004,0,1
75813,396,1513,0,1
75817,156,1507,0,1
75825,516,1514,0,1
75831,566,1066,0,1
75835,103,820,0,1
75837,28,1209,0,1
75843,662,1515,0,1
75844,41,820,0,1
75847,731,1247,0,1
75851,384,871,0,1
75855,405,1192,0,1
75858,467,1484,0,1
75859,575,1468,0,1
75860,763,877,0,1
75865,119,1412,0,1
75866,516,993,0,1
75871,434,1507,0,1
75873,764,1516,0,1
75883,115,1517,0,1
75885,765,1272,0,1
75886,563,943,0,1
75892,419,1315,0,1
75893,483,1518,0,1
75896,766,1519,0,1
75900,519,822,0,1
75901,336,1520,0,1
75904,767,1035,0,1
75909,110,1502,0,1
75916,43,1502,0,1
75921,434,1521,0,1
75923,417,993,0,1
75934,369,1522,0,1
75937,363,1523,0,1
75941,761,1329,0,1
75943,746,1308,0,1
75954,434,1205,0,1
75957,684,825,0,1
75960,768,1294,0,1
75967,434,1524,0,1
75969,742,1458,0,1
75974,766,1498,0,1
75979,769,1205,0,1
75983,501,1525,0,1
75991,194,1526,0,1
75993,770,1335,0,1
75996,487,1350,0,1
75997,566,1492,0,1
76004,738,1527,0,1
76006,177,833,0,1
76007,458,1283,0,1
76008,149,1120,0,1
76011,141,1200,0,1
76012,743,1528,0,1
76014,453,1529,0,1
76015,677,1351,0,1
76019,771,820,0,1
76021,549,1351,0,1
76023,310,1292,0,1
76027,772,941,0,1
76028,82,1502,0,1
76029,773,1270,0,1
76030,369,1218,0,1
76033,774,1006,0,1
76037,775,835,0,1
76055,731,1500,0,1
76056,120,1194,0,1
76061,330,1511,0,1
76070,776,1250,0,1
76081,733,1453,0,1
76083,174,1068,0,1
76086,731,1530,0,1
76087,156,1015,0,1
76089,102,995,0,1
76110,500,1464,0,1
76111,613,995,0,1
76113,744,1300,0,1
76116,552,1174,0,1
76119,405,1490,0,1
76123,408,1531,0,1
76126,408,1532,0,1
76136,713,995,0,1
76158,777,1449,0,1
76160,369,1518,0,1
76163,750,1020,0,1
76165,39,1533,0,1
76168,778,1534,0,1
76174,283,1376,0,1
76184,195,1464,0,1
76190,142,1535,0,1
76193,742,1020,0,1
76199,742,1247,0,1
76204,365,1523,0,1
76206,192,820,0,1
76217,113,871,0,1
76219,142,1200,0,1
76229,434,1508,0,1
76246,742,1536,0,1
76250,750,1272,0,1
76251,733,1305,0,1
76255,772,939,0,1
76258,558,1359,0,1
76274,21,1027,0,1
76281,363,1376,0,1
76282,120,1464,0,1
76289,429,1343,0,1
76294,434,1194,0,1
76298,35,1347,0,1
76311,166,1481,0,1
76312,749,1417,0,1
76316,490,1328,0,1
76321,773,1536,0,1
76326,467,1416,0,1
76327,743,1305,0,1
76332,171,1246,0,1
76338,742,1481,0,1
76339,119,1448,0,1
76340,766,1534,0,1
76347,516,1532,0,1
76348,330,1313,0,1
76350,195,1006,0,1
76364,519,1284,0,1
76368,756,1330,0,1
76371,451,1147,0,1
76377,713,825,0,1
76378,47,961,0,1
76384,87,994,0,1
76392,490,1515,0,1
76394,744,1464,0,1
76396,166,1517,0,1
76398,28,1537,0,1
76400,516,1531,0,1
76402,561,1268,0,1
76408,327,1520,0,1
76412,350,1513,0,1
76425,408,1514,0,1
76439,20,925,0,1
76445,742,1312,0,1
76447,12,1246,0,1
76452,743,1412,0,1
76459,561,1278,0,1
76462,487,1263,0,1
76464,742,1428,0,1
76473,492,1486,0,1
76474,731,1275,0,1
76478,757,1250,0,1
76480,761,1218,0,1
76485,733,1491,0,1
76495,391,1049,0,1
76505,748,1538,0,1
76522,89,918,0,1
76523,483,1000,0,1
76524,743,1448,0,1
76529,345,1453,0,1
76535,345,1006,0,1
76545,500,1448,0,1
76546,176,941,0,1
76553,365,1416,0,1
76560,483,1118,0,1
76568,171,1223,0,1
76571,363,1416,0,1
76572,483,1275,0,1
76578,550,1205,0,1
76581,757,1095,0,1
76584,408,822,0,1
76586,735,913,0,1
76587,313,1335,0,1
76588,519,1361,0,1
76597,756,1329,0,1
76603,779,1095,0,1
76606,369,1188,0,1
76611,780,1524,0,1
76613,748,1500,0,1
76620,369,1246,0,1
76622,781,1539,0,1
76633,782,1540,0,1
76634,783,1540,0,1
76635,784,1540,0,1
76636,785,1540,0,1
76637,340,1110,0,1
76638,313,1110,0,1
76639,786,1084,0,1
76643,787,1338,0,1
76644,495,1039,0,1
76645,787,1039,0,1
76646,787,965,0,1
76647,736,1192,0,1
76648,345,1257,0,1
76649,787,1383,0,1
76651,345,1192,0,1
76654,788,1541,0,1
76655,788,1332,0,1
76656,788,1333,0,1
76657,788,1542,0,1
76658,788,1543,0,1
76659,788,1544,0,1
76660,788,1344,0,1
76661,788,1545,0,1
76662,788,1520,0,1
76663,788,1546,0,1
76664,789,1547,0,1
76665,789,1548,0,1
76666,789,1549,0,1
76667,789,1550,0,1
76668,789,1551,0,1
76669,790,1552,0,1
76670,790,1553,0,1
76671,790,1554,0,1
76672,790,1406,0,1
76673,790,1555,0,1
76674,791,1556,0,1
76677,792,1557,0,1
76678,793,1558,0,1
76683,201,1352,0,1
76890,749,1021,0,1
76910,402,1044,0,1
76911,402,1330,0,1
76912,402,1329,0,1
76958,794,1559,0,1
76995,795,875,0,1
76996,795,1560,0,1
77010,796,1159,0,1
77048,797,1561,0,1
77051,532,1561,0,1
77052,798,1561,0,1
77053,799,1561,0,1
77054,536,1561,0,1
77059,797,1024,0,1
77062,532,1024,0,1
77063,798,1024,0,1
77064,799,1024,0,1
77065,536,1024,0,1
77072,797,1562,0,1
77074,532,1562,0,1
77075,798,1562,0,1
77076,799,1562,0,1
77077,536,1562,0,1
77113,194,826,0,1
77114,468,1437,0,1
77117,716,1095,0,1
77118,590,1437,0,1
77371,400,1387,0,1
77372,400,1389,0,1
77373,400,1386,0,1
77374,215,1563,0,1
77464,215,1078,0,1
77503,381,1230,0,1
77532,245,1100,0,1
77851,372,1246,0,1
78027,219,1344,0,1
78028,219,1345,0,1
78029,219,1346,0,1
78031,787,1339,0,1
78032,787,1340,0,1
78033,787,1288,0,1
78034,787,1337,0,1
78035,787,822,0,1
78039,256,1344,0,1
78040,256,1345,0,1
78041,256,1346,0,1
78121,465,1401,0,1
78134,749,1369,0,1
78135,183,1202,0,1
78137,800,1004,0,1
78138,800,1005,0,1
78150,17,1082,0,1
78154,385,993,0,1
78155,227,1291,0,1
78168,1,1564,0,1
78210,1,1565,0,1
78616,19,1206,0,1
78638,1,1566,0,1
78852,1,1187,0,1
78883,47,1228,0,1
79079,1,1265,0,1
79248,1,1485,0,1
79258,1,946,0,1
79319,190,1267,0,1
79399,105,1170,0,1
79460,1,1402,0,1
79468,1,1567,0,1
79597,1,820,0,1
79608,190,1568,0,1
79667,86,887,0,1
79772,1,1354,0,1
80194,787,1026,0,1
80545,0,984,0,1
80568,391,1371,0,1
80571,1,1569,0,1
80594,48,1570,0,1
80595,48,1414,0,1
80597,48,1023,0,1
80600,52,1571,0,1
80605,52,1120,0,1
80674,1,1295,0,1
80896,1,1572,0,1
80907,44,966,0,1
80908,44,901,0,1
80913,196,887,0,1
80927,48,833,0,1
80935,120,884,0,1
81033,1,1573,0,1
81274,1,897,0,1
81344,195,930,0,1
81395,139,890,0,1
81415,60,849,0,1
81448,52,1009,0,1
81456,48,1354,0,1
81529,381,1432,0,1
81623,1,1574,0,1
81635,249,1575,0,1
82987,190,1576,0,1
82988,190,966,0,1
82989,369,966,0,1
82991,1,1577,0,1
82994,1,1400,0,1
82995,1,1269,0,1
82996,1,1578,0,1
82998,1,1047,0,1
82999,1,995,0,1
83000,1,1579,0,1
83004,1,1580,0,1
83006,1,816,0,1
83009,1,937,0,1
83012,1,1479,0,1
83015,1,1043,0,1
83016,1,1353,0,1
83017,1,1581,0,1
83020,1,1357,0,1
83022,1,1582,0,1
83023,1,992,0,1
83024,105,967,0,1
83650,47,847,0,1
83651,47,1005,0,1
85949,434,1120,0,1
85950,86,1096,0,1
86155,191,1583,0,1
86171,1,1584,0,1
86254,105,1585,0,1
86353,1,874,0,1
86451,544,1586,0,1
86457,86,1009,0,1
86518,1,1316,0,1
86535,801,1587,0,1
86537,9,1588,0,1
86579,418,887,0,1
86644,802,950,0,1
86652,52,980,0,1
86675,1,866,0,1
86687,9,1589,0,1
86697,51,1269,0,1
86749,9,1590,0,1
86797,177,980,0,1
86859,9,1591,0,1
86861,736,1120,0,1
86862,86,1257,0,1
86884,3,1592,0,1
86917,86,1441,0,1
86946,49,946,0,1
86962,439,946,0,1
87017,61,1593,0,1
87036,47,1240,0,1
87037,47,1258,0,1
87164,9,1594,0,1
87166,9,1595,0,1
87169,105,1286,0,1
87225,478,1121,0,1
87227,222,1089,0,1
87228,670,1080,0,1
87229,220,1089,0,1
87230,25,1089,0,1
87231,27,1089,0,1
87236,9,1266,0,1
87343,48,885,0,1
87387,47,1166,0,1
87430,29,935,0,1
87436,29,902,0,1
87437,29,901,0,1
87438,747,1587,0,1
87492,31,1561,0,1
87493,76,882,0,1
87509,19,978,0,1
87510,60,1596,0,1
87511,19,920,0,1
87512,61,879,0,1
87522,1,895,0,1
87562,46,886,0,1
87573,612,1338,0,1
87574,560,1338,0,1
87581,48,1197,0,1
87716,18,1181,0,1
87754,454,898,0,1
87760,48,992,0,1
87762,48,981,0,1
87778,105,1597,0,1
87955,60,978,0,1
87964,235,1245,0,1
87978,801,896,0,1
88042,54,870,0,1
88073,803,1088,0,1
88117,105,1182,0,1
88142,296,1598,0,1
88327,613,904,0,1
88432,468,1451,0,1
88456,0,950,0,1
88596,428,969,0,1
88813,48,956,0,1
88893,516,853,0,1
88895,804,825,0,1
88935,47,1512,0,1
89004,105,901,0,1
89029,385,1204,0,1
89056,543,1599,0,1
89075,51,1578,0,1
89081,177,979,0,1
89115,48,864,0,1
89116,48,980,0,1
89128,105,1600,0,1
89149,805,1587,0,1
89253,626,1601,0,1
89362,71,1535,0,1
89363,516,969,0,1
89473,75,969,0,1
89513,86,1216,0,1
89535,350,1121,0,1
89781,469,1602,0,1
89813,1,1603,0,1
89863,533,969,0,1
89865,767,1031,0,1
90016,369,1604,0,1
90176,806,1526,0,1
90307,476,1446,0,1
90404,213,1605,0,1
90409,120,930,0,1
90441,52,1484,0,1
90779,1,1606,0,1
90816,434,1284,0,1
90859,86,1607,0,1
90871,367,1445,0,1
90874,190,899,0,1
90942,807,853,0,1
90946,385,1245,0,1
90948,516,1245,0,1
90958,56,921,0,1
91008,21,921,0,1
91012,52,844,0,1
91026,86,1608,0,1
91028,86,1200,0,1
91033,86,1609,0,1
91041,86,1610,0,1
91054,434,856,0,1
91056,1,1120,0,1
91085,444,969,0,1
91091,64,825,0,1
91094,0,966,0,1
91114,59,1204,0,1
91124,177,881,0,1
91127,85,1166,0,1
91186,52,1240,0,1
91296,1,1611,0,1
91342,481,1612,0,1
91414,716,1165,0,1
91416,1,1395,0,1
91425,47,918,0,1
91452,385,1613,0,1
91498,1,1215,0,1
91512,190,1614,0,1
91607,808,825,0,1
91633,516,1615,0,1
91640,13,1342,0,1
91727,9,1023,0,1
91743,1,924,0,1
91759,434,822,0,1
91776,1,814,0,1
91777,1,1417,0,1
91778,1,1616,0,1
91781,1,1617,0,1
91783,1,1159,0,1
91784,1,1602,0,1
91792,1,1372,0,1
91794,1,1448,0,1
91925,466,1452,0,1
92018,120,887,0,1
92026,114,1245,0,1
92030,48,1618,0,1
92043,48,974,0,1
92049,684,1203,0,1
92130,801,1611,0,1
92132,801,1619,0,1
92185,167,1566,0,1
92188,1,1523,0,1
92254,1,1323,0,1
